filename,CENTRAL INDEX KEY:
144418100-10-K-20000327.txt,0000893577
219023108-10-K-20000324.txt,0001046257
74050M105-10-K-20000330.txt,0000887919
903387108-10-K-20000327.txt,0000912899
103304101-10-K-20000330.txt,0000906553
828730200-10-K-20000328.txt,0000090498
253798102-10-K-20001221.txt,0000854775
701081101-10-K-20000322.txt,0000076321
361438104-10-K-20000330.txt,0001060349
057665200-10-K-20000329.txt,0000009326
055482103-10-K-20001218.txt,0000864328
857689103-10-K-20000330.txt,0000898660
294929104-10-K-20000327.txt,0000928423
337907109-10-K-20000314.txt,0000810536
913377107-10-K-20000330.txt,0000709878
923436109-10-K-20000330.txt,0001084408
858603103-10-K-20000331.txt,0000094056
553409103-10-K-20000330.txt,0000924646
29382L100-10-K-20000330.txt,0000897265
502079106-10-K-20000330.txt,0001059562
904571304-10-K-20001227.txt,0000805020
285512109-10-K-20000629.txt,0000712515
233326107-10-K-20000315.txt,0000714603
80218K105-10-K-20000309.txt,0000086772
335832101-10-K-20000322.txt,0001002213
035290105-10-K-20000308.txt,0000052795
09066H104-10-K-20000323.txt,0000860451
934390105-10-K-20000331.txt,0000801351
096081104-10-K-20000928.txt,0000949587
86768K106-10-K-20000330.txt,0001011064
08520F100-10-K-20000328.txt,0000856529
91727P105-10-K-20000310.txt,0000946945
630077105-10-K-20000302.txt,0000704532
449536101-10-K-20000629.txt,0000916304
171116304-10-K-20000330.txt,0000892495
981630106-10-K-20000320.txt,0001072886
72701P105-10-K-20000414.txt,0000942319
490057106-10-K-20000928.txt,0001002811
524651106-10-K-20000517.txt,0000859360
436132203-10-K-20000330.txt,0000888245
44041Y104-10-K-20001113.txt,0000935007
728117201-10-K-20000330.txt,0001072341
904607108-10-K-20000330.txt,0000100716
989207105-10-K-20000309.txt,0000877212
640094108-10-K-20000330.txt,0001057725
922242102-10-K-20001030.txt,0000921366
016557407-10-K-20000330.txt,0000818074
903236107-10-K-20000131.txt,0000102379
829073105-10-K-20000329.txt,0000920371
37184G104-10-K-20000329.txt,0000067532
64114L102-10-K-20001229.txt,0001009386
002451102-10-K-20000329.txt,0000888002
630402105-10-K-20000928.txt,0000069633
377316104-10-K-20000329.txt,0000041719
150837409-10-K-20001227.txt,0000725363
89708P102-10-K-20001219.txt,0001044324
488360108-10-K-20000628.txt,0000887730
465916203-10-K-20000928.txt,0000830404
354613101-10-K-20001207.txt,0000038777
69357C503-10-K-20000330.txt,0001007330
542312103-10-K-20000327.txt,0000791348
784652109-10-K-20001229.txt,0000808220
667280101-10-K-20000328.txt,0001058033
144460102-10-K-20000330.txt,0001018074
561232109-10-K-20000828.txt,0000051396
319383105-10-K-20000321.txt,0000314489
004239109-10-K-20000330.txt,0000899629
894650100-10-K-20000321.txt,0000850429
754730109-10-K-20001222.txt,0000720005
379887102-10-K-20000403.txt,0000746210
69366A100-10-K-20000623.txt,0000920527
761152107-10-K-20000925.txt,0000943819
003654100-10-K-20000623.txt,0000815094
341109007-10-K-20000330.txt,0000357261
423319102-10-K-20000317.txt,0000046709
457030104-10-K-20001220.txt,0000050493
925811101-10-K-20001227.txt,0000310056
61239H107-10-K-20000329.txt,0000930429
204780100-10-K-20000228.txt,0000736291
526872106-10-K-20000328.txt,0000745394
58445P105-10-K-20000330.txt,0000812890
719320103-10-K-20000331.txt,0000921960
05480L101-10-K-20000330.txt,0001055458
514606102-10-K-20000323.txt,0000057528
549486108-10-K-20000623.txt,0000908179
163421100-10-K-20000310.txt,0000911215
62946E106-10-K-20000131.txt,0000915016
51508L103-10-K-20000306.txt,0000908652
55616P104-10-K-20000419.txt,0000794367
532187101-10-K-20000915.txt,0000028626
302747100-10-K-20000225.txt,0000034136
90467L209-10-K-20000629.txt,0000101990
721467108-10-K-20001120.txt,0000802481
261018105-10-K-20000307.txt,0000935063
130222102-10-K-20001013.txt,0000803016
667655104-10-K-20000327.txt,0000073020
783890106-10-K-20000928.txt,0000087744
156683104-10-K-20000330.txt,0000357105
201119104-10-K-20000330.txt,0000910675
759929102-10-K-20000310.txt,0001005501
98157D106-10-K-20000330.txt,0000723527
206708109-10-K-20001229.txt,0001066026
437306103-10-K-20000330.txt,0000923118
853097103-10-K-20000629.txt,0001043505
200903102-10-K-20000330.txt,0001052439
19259L101-10-K-20000629.txt,0001013021
210795209-10-K-20000211.txt,0000319687
302695101-10-K-20000223.txt,0000907649
604312108-10-K-20000329.txt,0000710983
041560202-10-K-20000324.txt,0000778423
141750109-10-K-20000228.txt,0000747201
63935M208-10-K-20001030.txt,0001084750
893247106-10-K-20000330.txt,0000099106
591097100-10-K-20000608.txt,0000795665
43739T104-10-K-20000330.txt,0000835582
238134100-10-K-20000328.txt,0000886530
893934109-10-K-20000921.txt,0000755199
891924102-10-K-20000324.txt,0001029932
206814105-10-K-20000329.txt,0000023304
371901109-10-K-20000317.txt,0000355811
780076105-10-K-20000316.txt,0000085462
87816F107-10-K-20000414.txt,0000860235
83568G104-10-K-20000330.txt,0001055355
232946103-10-K-20000330.txt,0000849778
50212A106-10-K-20000330.txt,0001018332
050757103-10-K-20000202.txt,0000807707
880775101-10-K-20000330.txt,0001052303
989929104-10-K-20000330.txt,0001010788
01923A109-10-K-20001213.txt,0000890634
594087108-10-K-20000428.txt,0000740670
205363104-10-K-20000614.txt,0000023082
876287103-10-K-20000330.txt,0001038217
518415104-10-K-20000330.txt,0000855658
893349837-10-K-20000223.txt,0000278327
878293109-10-K-20001222.txt,0000825411
30224P101-10-K-20000315.txt,0001002579
570762104-10-K-20000329.txt,0001019756
871130100-10-K-20000330.txt,0000768262
457214104-10-K-20000926.txt,0000929547
72583K109-10-K-20000328.txt,0000946144
901314203-10-K-20000324.txt,0001062195
G80550109-10-K-20000330.txt,0000947156
371927104-10-K-20000329.txt,0001022321
268613205-10-K-20000330.txt,0000712843
382588101-10-K-20000425.txt,0000879123
658649702-10-K-20000629.txt,0000839950
429701105-10-K-20000928.txt,0000317551
91913E302-10-K-20000928.txt,0000932352
029654308-10-K-20001026.txt,0001043432
350865101-10-K-20000331.txt,0000058592
682411202-10-K-20000426.txt,0000812446
78442T108-10-K-20000321.txt,0000942138
025353103-10-K-20000316.txt,0001028087
552705105-10-K-20000327.txt,0000318259
760112102-10-K-20001228.txt,0000868725
360921100-10-K-20000328.txt,0000050957
527288104-10-K-20000329.txt,0000096223
51808R107-10-K-20000330.txt,0001020616
744290305-10-K-20000324.txt,0000906337
78464W104-10-K-20000330.txt,0001014041
404217101-10-K-20000726.txt,0001049129
458764107-10-K-20000330.txt,0000873998
957090103-10-K-20000329.txt,0000311094
502424104-10-K-20000330.txt,0001056239
785060104-10-K-20000322.txt,0000835324
149016107-10-K-20001221.txt,0001063085
231914102-10-K-20000518.txt,0001041712
229678107-10-K-20000310.txt,0000912183
320103104-10-K-20000324.txt,0000808246
418398103-10-K-20000330.txt,0000046109
755358108-10-K-20000414.txt,0001023993
495611105-10-K-20000330.txt,0000787690
803893106-10-K-20001222.txt,0000889423
931904106-10-K-20001003.txt,0000705408
868532102-10-K-20000620.txt,0000730000
490553104-10-K-20000627.txt,0000793024
552078107-10-K-20000330.txt,0000842635
225637107-10-K-20000329.txt,0001042138
653520106-10-K-20000324.txt,0001079182
69478X105-10-K-20000403.txt,0001028918
29428R103-10-K-20000928.txt,0000351903
147905103-10-K-20000322.txt,0000908605
683829105-10-K-20000128.txt,0000074697
207797101-10-K-20000313.txt,0000276209
741901201-10-K-20000330.txt,0000318107
37936U104-10-K-20000309.txt,0000946392
583916101-10-K-20000216.txt,0000874255
29247F108-10-K-20000113.txt,0001010305
745769109-10-K-20000324.txt,0001068848
75025N102-10-K-20000330.txt,0000845818
988858106-10-K-20000929.txt,0000109156
422806109-10-K-20000127.txt,0000046619
45810H107-10-K-20001221.txt,0000718130
45169U105-10-K-20000330.txt,0001024732
870756103-10-K-20000322.txt,0000863557
596278101-10-K-20000331.txt,0000769520
784117103-10-K-20000329.txt,0000350894
74460D109-10-K-20000330.txt,0000318380
125010108-10-K-20000915.txt,0000350621
23321U107-10-K-20000413.txt,0001029631
500648100-10-K-20000323.txt,0001018952
277848107-10-K-20000414.txt,0001065253
03748R101-10-K-20000315.txt,0000922864
51807H100-10-K-20000728.txt,0000861875
71366Q101-10-K-20000510.txt,0001031107
739363109-10-K-20000314.txt,0001023362
064446107-10-K-20000329.txt,0001012616
85815M107-10-K-20000216.txt,0001058027
44934S107-10-K-20000330.txt,0000749660
252450101-10-K-20000329.txt,0000702259
526262100-10-K-20000331.txt,0000902270
211497102-10-K-20000913.txt,0000024071
29472R108-10-K-20000315.txt,0000895417
410761100-10-K-20000330.txt,0001040719
483100103-10-K-20000323.txt,0000729365
293313102-10-K-20000414.txt,0001045560
63934E108-10-K-20001221.txt,0000808450
422893107-10-K-20000530.txt,0000046601
73936C109-10-K-20000329.txt,0000876318
44949L105-10-K-20001222.txt,0000049728
253855100-10-K-20000330.txt,0001016100
361271109-10-K-20000330.txt,0000912240
046613105-10-K-20000928.txt,0000911115
514936103-10-K-20000328.txt,0000877355
445891302-10-K-20000330.txt,0000718083
057630105-10-K-20000928.txt,0001024096
486026107-10-K-20000322.txt,0000054681
307260109-10-K-20000329.txt,0000034471
530129204-10-K-20000825.txt,0001085776
30241L109-10-K-20000330.txt,0000914329
959910100-10-K-20000330.txt,0000913283
705324101-10-K-20000327.txt,0000893949
518439104-10-K-20000918.txt,0001001250
866942105-10-K-20000308.txt,0001024795
693651309-10-K-20001013.txt,0000081288
45810N302-10-K-20000330.txt,0000885988
12500Q102-10-K-20000324.txt,0001074972
23833N104-10-K-20000428.txt,0000943823
682478102-10-K-20000328.txt,0001070190
210502100-10-K-20000330.txt,0000889609
902956309-10-K-20000330.txt,0001054636
629519109-10-K-20000315.txt,0000072444
703588103-10-K-20000330.txt,0000929031
78486Q101-10-K-20000317.txt,0000719739
437614100-10-K-20000327.txt,0000743872
939653101-10-K-20000324.txt,0000104894
156713109-10-K-20000928.txt,0000826821
584699102-10-K-20000313.txt,0000873591
92906L501-10-K-20000831.txt,0000933454
279862106-10-K-20000322.txt,0001021010
88554D205-10-K-20000330.txt,0000910638
42221Y100-10-K-20000330.txt,0001000231
806693107-10-K-20000829.txt,0001022368
20038K109-10-K-20000330.txt,0001052013
085789105-10-K-20000228.txt,0000778438
751452202-10-K-20000323.txt,0000842183
124661109-10-K-20000427.txt,0000808064
718592108-10-K-20000419.txt,0000078239
554053108-10-K-20000330.txt,0000700923
112462106-10-K-20000330.txt,0001023010
240028100-10-K-20000330.txt,0000854709
920437100-10-K-20000728.txt,0000717720
00209H101-10-K-20000330.txt,0000898904
831865100-10-K-20000303.txt,0000091142
090911108-10-K-20000414.txt,0000811240
338517105-10-K-20000103.txt,0000012040
45320V109-10-K-20001129.txt,0001108345
368145108-10-K-20001207.txt,0000812700
983857103-10-K-20000330.txt,0000790818
278856109-10-K-20000329.txt,0001034088
09058M103-10-K-20001229.txt,0000720154
769627100-10-K-20000320.txt,0000899647
862700101-10-K-20000329.txt,0000911649
848506101-10-K-20000330.txt,0001029443
290846104-10-K-20001228.txt,0000808326
817209307-10-K-20000330.txt,0000789944
928298108-10-K-20000330.txt,0000103730
343468104-10-K-20000728.txt,0000713002
91359E105-10-K-20000329.txt,0000798783
922207105-10-K-20001219.txt,0001079023
293792107-10-K-20000301.txt,0001061219
85857R105-10-K-20000417.txt,0000883975
278715206-10-K-20000601.txt,0000814549
45337C102-10-K-20000322.txt,0000879169
595176108-10-K-20001221.txt,0000716688
000360206-10-K-20000329.txt,0000824142
512815101-10-K-20000328.txt,0001090425
539553107-10-K-20000310.txt,0001047125
29256E109-10-K-20000329.txt,0000944763
748372208-10-K-20000330.txt,0000732152
553903105-10-K-20000630.txt,0000901696
037833100-10-K-20001214.txt,0000320193
913259107-10-K-20000330.txt,0000755001
52729N100-10-K-20000215.txt,0000794323
413160102-10-K-20000330.txt,0000851310
371559105-10-K-20000330.txt,0001012620
51206P109-10-K-20000328.txt,0001071255
25457C207-10-K-20000313.txt,0000879703
403777105-10-K-20000427.txt,0000786110
002896207-10-K-20000427.txt,0001018840
493422109-10-K-20000330.txt,0000055604
22284P105-10-K-20000329.txt,0000928658
004848107-10-K-20000330.txt,0000880984
293904108-10-K-20000928.txt,0000727510
686588104-10-K-20000914.txt,0000038570
714046109-10-K-20000328.txt,0000031791
239220304-10-K-20000414.txt,0000882159
858155203-10-K-20000525.txt,0001050825
30701A106-10-K-20000414.txt,0000929941
918914102-10-K-20000629.txt,0000885551
379302102-10-K-20000306.txt,0000912898
373692102-10-K-20000629.txt,0000922285
G02995101-10-K-20000330.txt,0000783603
820280105-10-K-20001129.txt,0000914024
86769L103-10-K-20000330.txt,0000846771
486589104-10-K-20000330.txt,0000907575
228186102-10-K-20000314.txt,0000905134
830859104-10-K-20000331.txt,0000862841
87162E100-10-K-20000605.txt,0000749290
45245W109-10-K-20000330.txt,0000765258
04644A101-10-K-20000330.txt,0000885672
078107109-10-K-20000322.txt,0000945489
635646102-10-K-20000818.txt,0000811917
707882106-10-K-20000330.txt,0000077159
393122106-10-K-20001227.txt,0000909954
30243M105-10-K-20000412.txt,0001050891
89336Q100-10-K-20000428.txt,0000795212
077347201-10-K-20000329.txt,0000729580
720830108-10-K-20000530.txt,0000067494
125252106-10-K-20000324.txt,0000949859
651229106-10-K-20000330.txt,0000814453
549596302-10-K-20000330.txt,0000914791
15115L103-10-K-20000314.txt,0000887247
448947101-10-K-20001031.txt,0001005731
62910N108-10-K-20000329.txt,0000897940
037411105-10-K-20000329.txt,0000006769
756268108-10-K-20000330.txt,0000082536
889478103-10-K-20000126.txt,0000794170
04516H101-10-K-20000128.txt,0000820774
887364107-10-K-20000317.txt,0000925260
232824300-10-K-20000328.txt,0000725058
076446301-10-K-20000331.txt,0000910079
144525102-10-K-20000330.txt,0000718007
501803308-10-K-20000218.txt,0001003130
44929Y101-10-K-20000329.txt,0001013149
973859101-10-K-20000628.txt,0000936404
382410405-10-K-20000330.txt,0000943861
629484106-10-K-20000331.txt,0000847431
161048103-10-K-20001221.txt,0001092006
156700106-10-K-20000315.txt,0000018926
203372107-10-K-20000328.txt,0001035884
719085102-10-K-20000324.txt,0000883237
171605207-10-K-20000309.txt,0000020232
67575J102-10-K-20000428.txt,0001022536
858912108-10-K-20000330.txt,0000861878
980903207-10-K-20000602.txt,0001007021
69361E107-10-K-20000414.txt,0000319379
15640W103-10-K-20000330.txt,0000895021
829060102-10-K-20000317.txt,0000090588
105368203-10-K-20000330.txt,0000790816
411310105-10-K-20000330.txt,0000865752
319829107-10-K-20000330.txt,0000712537
313135501-10-K-20001130.txt,0000744106
269894101-10-K-20000928.txt,0001016959
317922409-10-K-20000331.txt,0000852450
79587E104-10-K-20000228.txt,0000012180
268648102-10-K-20000317.txt,0000790070
23251P102-10-K-20000928.txt,0000864683
00949P108-10-K-20000330.txt,0000948846
794721100-10-K-20000317.txt,0000740763
019589308-10-K-20000330.txt,0000848865
679580100-10-K-20000320.txt,0000878927
238113104-10-K-20000816.txt,0000027096
29426L108-10-K-20000329.txt,0000891178
422730101-10-K-20000329.txt,0000863437
71343P101-10-K-20000330.txt,0000948086
640919106-10-K-20000327.txt,0000942788
405024100-10-K-20000616.txt,0000313143
932270101-10-K-20001020.txt,0000104348
940610108-10-K-20000321.txt,0000737468
292052107-10-K-20000323.txt,0000906780
148865207-10-K-20001229.txt,0000822665
651633109-10-K-20000915.txt,0000807524
39054K108-10-K-20000411.txt,0000914397
242728103-10-K-20000428.txt,0000715779
587118100-10-K-20000428.txt,0000884217
030371108-10-K-20000330.txt,0000005981
05367P100-10-K-20000330.txt,0000896841
631226107-10-K-20000317.txt,0000069680
402629109-10-K-20000329.txt,0001030749
619903107-10-K-20001215.txt,0000896985
691471106-10-K-20000324.txt,0000865084
206829004-10-K-20000329.txt,0001029590
855086104-10-K-20000503.txt,0001043156
023135106-10-K-20000329.txt,0001018724
B5628B104-10-K-20000630.txt,0001002131
44949L105-10-K-20000110.txt,0000049728
93317Q105-10-K-20000829.txt,0000837173
645526104-10-K-20000330.txt,0000850414
585162308-10-K-20001129.txt,0000736035
007525108-10-K-20000118.txt,0000770403
4576J0104-10-K-20000306.txt,0000926866
583932108-10-K-20000330.txt,0001030179
918278201-10-K-20000330.txt,0001008946
009728106-10-K-20000328.txt,0000003116
594850109-10-K-20000404.txt,0000875359
20564D107-10-K-20000330.txt,0000022698
219921103-10-K-20000330.txt,0000914670
804120103-10-K-20000329.txt,0000049401
636180101-10-K-20001215.txt,0000070145
553531104-10-K-20000330.txt,0000717238
410550107-10-K-20000310.txt,0000045379
458118106-10-K-20000627.txt,0000703361
651824104-10-K-20000329.txt,0000225263
730234101-10-K-20001222.txt,0001051859
760758102-10-K-20000323.txt,0000743136
03062T105-10-K-20000727.txt,0000799850
313549107-10-K-20000315.txt,0000034879
553769100-10-K-20000330.txt,0000834162
03462H305-10-K-20000414.txt,0000815093
401630108-10-K-20001226.txt,0000722642
001930205-10-K-20001030.txt,0000879796
197779101-10-K-20000330.txt,0000821995
457919108-10-K-20000516.txt,0000082473
847805108-10-K-20000929.txt,0000092827
205937105-10-K-20000324.txt,0000945379
893521104-10-K-20000329.txt,0000862510
26881Q309-10-K-20000320.txt,0001027702
719153108-10-K-20001219.txt,0000832767
359523107-10-K-20000330.txt,0000846913
17275R102-10-K-20000929.txt,0000858877
819487109-10-K-20000330.txt,0000933583
441339108-10-K-20000426.txt,0001017712
984903104-10-K-20000313.txt,0000319191
80000Q104-10-K-20000329.txt,0001071341
00206F108-10-K-20000626.txt,0001029445
659317101-10-K-20000414.txt,0001013749
64114W306-10-K-20000331.txt,0001011028
71361F100-10-K-20000927.txt,0000887226
351128103-10-K-20000330.txt,0000905724
862701307-10-K-20000329.txt,0000073822
887134104-10-K-20000330.txt,0000314436
693258105-10-K-20000330.txt,0000919999
591676101-10-K-20000330.txt,0000815910
029066107-10-K-20000330.txt,0000835910
007974108-10-K-20000317.txt,0001002225
16115Q100-10-K-20000316.txt,0000892553
335847208-10-K-20000330.txt,0000717837
223574104-10-K-20000501.txt,0000034497
369730106-10-K-20001121.txt,0000040570
343858205-10-K-20000131.txt,0001049049
007548100-10-K-20000522.txt,0000060911
053762100-10-K-20000308.txt,0000949173
895927101-10-K-20000403.txt,0000030697
059790105-10-K-20000317.txt,0000036377
097403109-10-K-20000329.txt,0000938839
036384105-10-K-20000728.txt,0000849433
911384204-10-K-20000414.txt,0001056562
670827104-10-K-20000419.txt,0000854661
012653101-10-K-20000322.txt,0000915913
45811M105-10-K-20000330.txt,0000915859
018802108-10-K-20000329.txt,0000107832
361942105-10-K-20000329.txt,0000911522
441072105-10-K-20000417.txt,0000945980
989513205-10-K-20001027.txt,0000827156
460885205-10-K-20000329.txt,0000807364
624720207-10-K-20001109.txt,0000200533
676111107-10-K-20001130.txt,0000892058
002564102-10-K-20000330.txt,0000845779
021373105-10-K-20000412.txt,0001016546
688222207-10-K-20000328.txt,0000075042
609027107-10-K-20000330.txt,0000907242
767754104-10-K-20000711.txt,0000084129
74955F106-10-K-20001214.txt,0000922204
034258103-10-K-20000320.txt,0000810589
284470101-10-K-20000427.txt,0000032020
761557107-10-K-20000106.txt,0000078536
31583B105-10-K-20001220.txt,0000912219
691217103-10-K-20000128.txt,0000921046
068463108-10-K-20000330.txt,0000902791
584977201-10-K-20000328.txt,0000739944
037935103-10-K-20000329.txt,0001000787
057755100-10-K-20000327.txt,0000009346
92240C308-10-K-20000330.txt,0000943742
917047102-10-K-20000414.txt,0000912615
871851101-10-K-20000330.txt,0000945114
58440W105-10-K-20000225.txt,0000713138
23330X936-10-K-20000629.txt,0000028630
293940102-10-K-20000628.txt,0000863893
228569109-10-K-20000330.txt,0000841555
790148100-10-K-20000322.txt,0000745308
00087X103-10-K-20000328.txt,0001047113
871630109-10-K-20000313.txt,0001029023
560345308-10-K-20000328.txt,0000847466
648053106-10-K-20000322.txt,0000798288
266898105-10-K-20000303.txt,0000879993
149507105-10-K-20000330.txt,0000789863
848915104-10-K-20001228.txt,0000872855
76026W109-10-K-20000330.txt,0000918765
33741H107-10-K-20000328.txt,0000763907
559079108-10-K-20001226.txt,0000019411
671044105-10-K-20000928.txt,0001039065
74138B105-10-K-20001222.txt,0000885073
27637F100-10-K-20000310.txt,0000311259
125071100-10-K-20000315.txt,0000018396
22025Y407-10-K-20000330.txt,0001070985
00253U107-10-K-20000922.txt,0000887359
784305104-10-K-20000329.txt,0000766829
87612M306-10-K-20000323.txt,0000921114
44183S105-10-K-20000412.txt,0000850316
028913101-10-K-20000330.txt,0000787784
45814P105-10-K-20000330.txt,0000764241
743606105-10-K-20000308.txt,0001068851
540211109-10-K-20000329.txt,0000911002
90385D107-10-K-20000329.txt,0001016125
419141403-10-K-20000714.txt,0000773723
03820G205-10-K-20000329.txt,0000816066
742580103-10-K-20000322.txt,0000801529
673662102-10-K-20000330.txt,0000946356
32020R109-10-K-20000329.txt,0000036029
835692104-10-K-20000229.txt,0000949858
29382Y102-10-K-20000324.txt,0001000695
894859107-10-K-20000615.txt,0000922978
018773309-10-K-20000901.txt,0000736994
834092108-10-K-20000615.txt,0000912088
449628205-10-K-20000426.txt,0000052741
656535101-10-K-20000815.txt,0000072418
874054109-10-K-20000127.txt,0000946581
10553F106-10-K-20000315.txt,0001046112
589378108-10-K-20000927.txt,0001049521
445549108-10-K-20001226.txt,0001061763
72764Y100-10-K-20000128.txt,0000893965
294100102-10-K-20001030.txt,0000316253
282914100-10-K-20000628.txt,0001023731
714157104-10-K-20000413.txt,0000891532
02146C104-10-K-20000330.txt,0001013218
21887F100-10-K-20000307.txt,0001042561
291005106-10-K-20000330.txt,0001001604
09063Q107-10-K-20000323.txt,0001020866
57383T103-10-K-20000329.txt,0000933730
625383104-10-K-20000628.txt,0000819220
147399109-10-K-20000329.txt,0001026792
42219D308-10-K-20000330.txt,0000768892
163223100-10-K-20001214.txt,0000797313
030975106-10-K-20001222.txt,0000932628
799702105-10-K-20000329.txt,0001022926
02553G101-10-K-20000307.txt,0000868076
88579Y101-10-K-20000218.txt,0000066740
078137106-10-K-20000330.txt,0000900708
037899101-10-K-20000327.txt,0000853665
89708P102-10-K-20000103.txt,0001044324
399613108-10-K-20000324.txt,0000920776
053331104-10-K-20000330.txt,0001077009
439903105-10-K-20000329.txt,0001052958
78442P106-10-K-20000329.txt,0001032033
466313103-10-K-20001128.txt,0000898293
458100104-10-K-20000330.txt,0000920645
90261L108-10-K-20000330.txt,0001045445
157085101-10-K-20000330.txt,0001020214
898647102-10-K-20000324.txt,0001029267
83545R108-10-K-20001229.txt,0001029744
141705103-10-K-20000310.txt,0001000736
054635107-10-K-20000308.txt,0000913056
98976E103-10-K-20000329.txt,0000822708
416515104-10-K-20000324.txt,0000874766
771497104-10-K-20001220.txt,0000868368
00088U108-10-K-20000330.txt,0000863650
009367301-10-K-20001218.txt,0001086844
786598102-10-K-20000327.txt,0000886136
876090309-10-K-20001218.txt,0000851560
847723103-10-K-20000330.txt,0001002520
562398107-10-K-20001027.txt,0001023876
760981100-10-K-20000427.txt,0000863821
64120N100-10-K-20000414.txt,0000886138
879700102-10-K-20000710.txt,0000352495
636918302-10-K-20000929.txt,0000813562
337930101-10-K-20000330.txt,0001033012
047465109-10-K-20000331.txt,0000008109
501942106-10-K-20000414.txt,0000936094
583185103-10-K-20000317.txt,0000934749
60740F105-10-K-20000229.txt,0000911109
927912105-10-K-20000629.txt,0000894237
64125C109-10-K-20000330.txt,0000914475
62855J104-10-K-20000913.txt,0000899923
83420X105-10-K-20000314.txt,0000913275
460593106-10-K-20000329.txt,0000728249
897249108-10-K-20000314.txt,0000858629
18725U109-10-K-20000623.txt,0000716646
230215105-10-K-20000728.txt,0000723603
029912201-10-K-20000329.txt,0001053507
150838100-10-K-20000928.txt,0000865941
298416108-10-K-20000330.txt,0000948640
147195101-10-K-20000428.txt,0000018061
019118108-10-K-20000329.txt,0000003952
28148T100-10-K-20000330.txt,0000919570
410252100-10-K-20000719.txt,0000314727
159186105-10-K-20000330.txt,0001013696
387241102-10-K-20000330.txt,0000839621
74727K102-10-K-20000526.txt,0001017815
14071N104-10-K-20000329.txt,0000931784
566244109-10-K-20000330.txt,0001009403
64353J107-10-K-20001222.txt,0001013706
004938106-10-K-20000629.txt,0000869554
801003104-10-K-20000414.txt,0000913610
422245100-10-K-20001129.txt,0000704415
89674U101-10-K-20001129.txt,0000737203
533900106-10-K-20000330.txt,0000059527
690131107-10-K-20000414.txt,0001013316
86562T105-10-K-20001027.txt,0000062262
598251106-10-K-20000330.txt,0001051379
162825103-10-K-20000327.txt,0000215419
21988R102-10-K-20000328.txt,0001066104
30049R100-10-K-20000321.txt,0001052054
745867101-10-K-20000302.txt,0000822416
686079104-10-K-20000329.txt,0000830260
206784100-10-K-20000330.txt,0000884621
594060204-10-K-20000428.txt,0000799515
28660G106-10-K-20000428.txt,0000095052
108452103-10-K-20000330.txt,0001038078
277461109-10-K-20000313.txt,0000031235
23333L103-10-K-20000330.txt,0001014552
146875109-10-K-20000714.txt,0001016178
553777103-10-K-20001226.txt,0000068709
363576109-10-K-20000323.txt,0000354190
056032105-10-K-20000330.txt,0000840883
404132102-10-K-20000330.txt,0000888919
704227107-10-K-20000330.txt,0000075681
29264P104-10-K-20000330.txt,0001003464
101119105-10-K-20000306.txt,0000821127
959881103-10-K-20000629.txt,0000866671
459506101-10-K-20000330.txt,0000051253
293639100-10-K-20000328.txt,0001067837
089302103-10-K-20000428.txt,0000768835
046008108-10-K-20000330.txt,0000007974
720035302-10-K-20000414.txt,0000755095
020825600-10-K-20000330.txt,0000004164
568635106-10-K-20000925.txt,0000894372
45765Y105-10-K-20000327.txt,0000875355
64108N106-10-K-20001030.txt,0001086472
713755106-10-K-20000331.txt,0000908254
023586100-10-K-20000629.txt,0000004457
969133107-10-K-20000322.txt,0000107189
02686G101-10-K-20000330.txt,0000811437
90459D108-10-K-20000330.txt,0001055684
67083Q101-10-K-20000330.txt,0000931702
924904105-10-K-20000329.txt,0001034941
600533202-10-K-20000324.txt,0001048740
184502102-10-K-20000314.txt,0000739708
22413E104-10-K-20000926.txt,0000856250
12561E105-10-K-20000501.txt,0000919628
902737105-10-K-20000406.txt,0000773660
727909103-10-K-20000414.txt,0000883558
148867104-10-K-20000616.txt,0000883977
928444108-10-K-20000324.txt,0001000495
90338N103-10-K-20000330.txt,0000923571
774066104-10-K-20000629.txt,0001017047
939322103-10-K-20000315.txt,0000933136
631158102-10-K-20000331.txt,0000069671
052776101-10-K-20000330.txt,0000879106
359081106-10-K-20000414.txt,0000797496
428358105-10-K-20001226.txt,0001065246
004446100-10-K-20000928.txt,0000002034
45972C102-10-K-20000330.txt,0001038277
02686E106-10-K-20000329.txt,0000753281
982855108-10-K-20000329.txt,0000048569
805630100-10-K-20000516.txt,0001014488
82481R106-10-K-20000330.txt,0000936402
60365K108-10-K-20000330.txt,0000945801
140724105-10-K-20000330.txt,0001045281
060077005-10-K-20000330.txt,0000009548
00760J108-10-K-20000829.txt,0001040470
042923102-10-K-20001222.txt,0001048982
859317109-10-K-20000329.txt,0000811671
069779304-10-K-20000414.txt,0000010242
811699107-10-K-20000330.txt,0001019671
518613104-10-K-20000329.txt,0000912766
723456109-10-K-20000329.txt,0000356213
060505104-10-K-20000320.txt,0000070858
33761N109-10-K-20000629.txt,0000913353
029683109-10-K-20000728.txt,0000713425
624581104-10-K-20000403.txt,0000925178
74727A104-10-K-20000928.txt,0000906465
683818207-10-K-20000330.txt,0000275858
584946107-10-K-20001013.txt,0000874733
25385N101-10-K-20001229.txt,0001084329
912325305-10-K-20000728.txt,0000934852
009366105-10-K-20000310.txt,0000799033
837841105-10-K-20000309.txt,0000797871
73172K104-10-K-20000329.txt,0001010552
46114P209-10-K-20001227.txt,0000789092
693149106-10-K-20000328.txt,0000798287
G3921A100-10-K-20000317.txt,0001061322
751028101-10-K-20001227.txt,0001029506
203607106-10-K-20000330.txt,0000723188
636518102-10-K-20000323.txt,0000935494
000973107-10-K-20000329.txt,0000937971
74975B101-10-K-20000330.txt,0001032373
553530106-10-K-20001114.txt,0001003078
G0450A105-10-K-20000330.txt,0000947484
150185106-10-K-20000330.txt,0000811532
74053F107-10-K-20000328.txt,0000776848
832197107-10-K-20000328.txt,0000919004
15188T108-10-K-20000330.txt,0001043325
287456107-10-K-20000926.txt,0000032017
529771107-10-K-20000320.txt,0001001288
743315103-10-K-20000330.txt,0000080661
571263201-10-K-20000330.txt,0000096988
37245M504-10-K-20000330.txt,0000880643
709631105-10-K-20000310.txt,0000077360
671337103-10-K-20000330.txt,0000949953
501044101-10-K-20000427.txt,0000056873
024591109-10-K-20000330.txt,0000004611
20589S105-10-K-20000330.txt,0000908180
723481107-10-K-20000928.txt,0000774695
124785106-10-K-20000315.txt,0000316312
872384102-10-K-20000310.txt,0000857644
302563101-10-K-20000330.txt,0001010247
760943100-10-K-20000329.txt,0000776325
194858205-10-K-20000118.txt,0000021759
193294105-10-K-20000329.txt,0000921691
127537207-10-K-20000329.txt,0000727273
483007100-10-K-20000310.txt,0000811596
86787D109-10-K-20000331.txt,0001016577
974250102-10-K-20000322.txt,0000908315
619696107-10-K-20000414.txt,0001005181
171796105-10-K-20000330.txt,0000833298
45767A105-10-K-20000329.txt,0001067462
808541106-10-K-20000303.txt,0001000623
320221104-10-K-20000328.txt,0000354948
670823103-10-K-20000327.txt,0000864233
46205A103-10-K-20000314.txt,0000923877
761695105-10-K-20001229.txt,0000083588
247748106-10-K-20000906.txt,0000277375
71713J107-10-K-20000327.txt,0001072546
461190100-10-K-20000414.txt,0000778161
63563H109-10-K-20000303.txt,0000913616
562048108-10-K-20000728.txt,0000798736
871551107-10-K-20000522.txt,0000724742
469772107-10-K-20000928.txt,0000052969
29266S106-10-K-20000414.txt,0001013606
353469109-10-K-20001129.txt,0000886206
748802105-10-K-20000324.txt,0000796577
74018R105-10-K-20001013.txt,0001038541
590049102-10-K-20000817.txt,0000921365
337489504-10-K-20000330.txt,0000926861
145845103-10-K-20000414.txt,0001019808
206016107-10-K-20000330.txt,0000896778
255519100-10-K-20000324.txt,0000029332
644206104-10-K-20000329.txt,0000746514
G20045202-10-K-20000315.txt,0000925645
719068108-10-K-20001214.txt,0000943032
761195205-10-K-20001228.txt,0000083402
238016109-10-K-20000228.txt,0001022693
G04074103-10-K-20000313.txt,0001011509
15640T100-10-K-20000316.txt,0000861461
500643200-10-K-20000731.txt,0000056679
67060Y101-10-K-20001229.txt,0001050007
02686F103-10-K-20000330.txt,0000784014
43740E104-10-K-20000302.txt,0000277028
297602104-10-K-20000913.txt,0000896156
286150206-10-K-20000328.txt,0000823927
683797104-10-K-20000321.txt,0000791963
861642106-10-K-20000327.txt,0000904080
439902107-10-K-20000414.txt,0001036260
35952H106-10-K-20000131.txt,0000886128
806832101-10-K-20000330.txt,0001002178
100557107-10-K-20000324.txt,0000949870
65249Q106-10-K-20000330.txt,0000858912
917294308-10-K-20000330.txt,0000943895
784933103-10-K-20000414.txt,0001004989
097189104-10-K-20000330.txt,0000908517
222892101-10-K-20000414.txt,0000737300
608190104-10-K-20000310.txt,0000851968
383485109-10-K-20000428.txt,0000790414
46612K108-10-K-20000316.txt,0001006892
204795306-10-K-20000330.txt,0000022912
090327107-10-K-20000330.txt,0001061646
357288109-10-K-20000330.txt,0000038984
171232101-10-K-20000327.txt,0000020171
73084P100-10-K-20000223.txt,0000917331
446150104-10-K-20000222.txt,0000049196
492914106-10-K-20000928.txt,0000318996
911805109-10-K-20000913.txt,0000101594
307675108-10-K-20000928.txt,0000034563
29481V108-10-K-20000330.txt,0001026650
030789507-10-K-20000411.txt,0000006071
578592107-10-K-20000322.txt,0000063541
144433109-10-K-20000501.txt,0001057709
026874107-10-K-20000330.txt,0000005272
121579106-10-K-20000901.txt,0000718916
750624108-10-K-20001204.txt,0000874385
499005106-10-K-20000329.txt,0001060749
743088106-10-K-20001013.txt,0000911787
444165104-10-K-20000331.txt,0000703559
05379B107-10-K-20000317.txt,0000104918
98141A101-10-K-20000330.txt,0001071645
422347104-10-K-20000328.txt,0000799233
345550107-10-K-20000425.txt,0000038067
811904101-10-K-20000330.txt,0000859598
58984Y103-10-K-20000315.txt,0001012967
847788106-10-K-20000324.txt,0000934648
743410102-10-K-20000322.txt,0000899881
902977107-10-K-20000414.txt,0001043012
267911105-10-K-20001120.txt,0000802492
694396102-10-K-20000324.txt,0000912597
291206100-10-K-20000413.txt,0000015678
583421102-10-K-20000629.txt,0000778734
437851108-10-K-20000314.txt,0001013256
466367109-10-K-20001214.txt,0000807882
45669R503-10-K-20000303.txt,0001018336
458334109-10-K-20000330.txt,0000822663
222816100-10-K-20000303.txt,0001023131
62624B101-10-K-20000329.txt,0001003201
G31215109-10-K-20000330.txt,0001049624
564910107-10-K-20001222.txt,0000848551
896239100-10-K-20000327.txt,0000864749
730026101-10-K-20000302.txt,0000079225
743724106-10-K-20000927.txt,0001054853
00163T109-10-K-20000322.txt,0001045609
450430103-10-K-20000414.txt,0000868755
923432108-10-K-20000915.txt,0000774937
46102P104-10-K-20000119.txt,0000918184
09064Q106-10-K-20000414.txt,0001030418
716748108-10-K-20000330.txt,0000872248
96808B107-10-K-20000331.txt,0000909990
609720107-10-K-20001227.txt,0000067625
743859100-10-K-20000216.txt,0000818969
872479209-10-K-20000928.txt,0000277928
316869106-10-K-20000330.txt,0000706015
637546102-10-K-20000331.txt,0000865058
137694105-10-K-20000928.txt,0000801558
917488108-10-K-20000330.txt,0000706698
34407T104-10-K-20000329.txt,0000904020
946760105-10-K-20000329.txt,0000945983
482047206-10-K-20000225.txt,0000723888
286045109-10-K-20000428.txt,0001057746
950817106-10-K-20000330.txt,0000105729
45816A106-10-K-20000330.txt,0001016439
60783C100-10-K-20000330.txt,0001075066
698884103-10-K-20000327.txt,0000708821
404681108-10-K-20000106.txt,0000729533
251588109-10-K-20000330.txt,0000028452
457732105-10-K-20000309.txt,0001042051
879698306-10-K-20000328.txt,0000097052
147154108-10-K-20000324.txt,0000865911
492061106-10-K-20000328.txt,0000946154
263578106-10-K-20000324.txt,0000895364
628643108-10-K-20000926.txt,0001044880
000752105-10-K-20000314.txt,0000913364
86210N104-10-K-20000414.txt,0000900619
052116100-10-K-20000928.txt,0000860749
80533W107-10-K-20000330.txt,0000715842
87872T207-10-K-20000323.txt,0000877645
25388B104-10-K-20000330.txt,0001062530
210371100-10-K-20000320.txt,0001004440
040222101-10-K-20001129.txt,0001070042
984332106-10-K-20000330.txt,0001011006
697933109-10-K-20000329.txt,0001037388
637229105-10-K-20000323.txt,0001016277
759594302-10-K-20000329.txt,0000874992
019782101-10-K-20000629.txt,0000846538
755103108-10-K-20000324.txt,0000797917
15133V208-10-K-20000829.txt,0000879573
479167108-10-K-20001228.txt,0000788329
23331A109-10-K-20001213.txt,0000882184
727900102-10-K-20000218.txt,0000354452
34415P102-10-K-20000414.txt,0001025557
748337102-10-K-20000629.txt,0000057201
350755302-10-K-20000927.txt,0000764858
73278L105-10-K-20000322.txt,0000945841
917287104-10-K-20000629.txt,0001054748
232968107-10-K-20000330.txt,0001034257
09062X103-10-K-20000330.txt,0000875045
514766104-10-K-20000127.txt,0001005286
72585Q104-10-K-20000223.txt,0001021723
74730Q104-10-K-20000111.txt,0000899823
835460106-10-K-20000628.txt,0000916235
66304M105-10-K-20000330.txt,0000353191
267876100-10-K-20000324.txt,0000225278
87162H103-10-K-20000330.txt,0001040426
715710109-10-K-20000928.txt,0001042821
848926101-10-K-20000330.txt,0000314865
001547108-10-K-20000225.txt,0000918160
68750J107-10-K-20000330.txt,0000887151
043113109-10-K-20000330.txt,0000863110
199333105-10-K-20000629.txt,0001005229
513696104-10-K-20000306.txt,0000057497
590829305-10-K-20000327.txt,0000065195
896712205-10-K-20000928.txt,0000732026
012423109-10-K-20000330.txt,0001065087
008252108-10-K-20000330.txt,0001004434
828395103-10-K-20000315.txt,0001033032
62936P103-10-K-20000330.txt,0000890465
561182106-10-K-20000330.txt,0000912027
789374105-10-K-20001220.txt,0000897941
683973101-10-K-20000330.txt,0001014920
067383109-10-K-20000330.txt,0000009892
33582V108-10-K-20000330.txt,0001051741
172853202-10-K-20000330.txt,0000921742
886423102-10-K-20000504.txt,0000098222
45766Q101-10-K-20000907.txt,0001012697
30239F106-10-K-20000316.txt,0001012771
893691105-10-K-20000331.txt,0000853532
431573104-10-K-20000224.txt,0000047518
043127109-10-K-20000313.txt,0000023071
493596100-10-K-20000330.txt,0000906113
Y6476W104-10-K-20000330.txt,0001061571
292827102-10-K-20001030.txt,0001084573
337477103-10-K-20000329.txt,0000037032
465741106-10-K-20000330.txt,0000780571
55270M108-10-K-20000331.txt,0001023519
828815100-10-K-20000328.txt,0000864264
69329Y104-10-K-20000330.txt,0000882104
517942108-10-K-20000314.txt,0001053532
893735100-10-K-20000324.txt,0000885259
231021106-10-K-20000317.txt,0000026172
866948102-10-K-20000330.txt,0001018146
683827208-10-K-20000127.txt,0001000230
698813102-10-K-20000323.txt,0000901491
206710204-10-K-20000822.txt,0000749038
750459109-10-K-20000330.txt,0000873044
413833104-10-K-20000324.txt,0000893739
817826209-10-K-20000317.txt,0000092344
00089C107-10-K-20000728.txt,0000884498
20449H109-10-K-20000323.txt,0000018568
941053100-10-K-20000313.txt,0001057058
87160G107-10-K-20001228.txt,0000836429
909163107-10-K-20001213.txt,0000890096
741113104-10-K-20000331.txt,0000846876
216284208-10-K-20000228.txt,0000832412
32006W106-10-K-20000327.txt,0000946647
095811105-10-K-20001030.txt,0001034379
807863105-10-K-20000727.txt,0001055454
238341101-10-K-20000327.txt,0001072881
480074103-10-K-20000317.txt,0000874016
58977Q109-10-K-20000330.txt,0000869369
292503109-10-K-20000330.txt,0000913599
256159104-10-K-20000330.txt,0000930885
14149Y108-10-K-20000906.txt,0000721371
54021P403-10-K-20000731.txt,0001066138
465754208-10-K-20000322.txt,0001009304
02341W103-10-K-20000324.txt,0000813621
48020Q107-10-K-20000330.txt,0001037976
693293508-10-K-20000228.txt,0000855352
29256X107-10-K-20000317.txt,0000887023
192025104-10-K-20000329.txt,0000806279
23321A101-10-K-20000414.txt,0000891788
31865W108-10-K-20000428.txt,0001025743
33832H107-10-K-20000330.txt,0000897509
457277101-10-K-20001228.txt,0001024302
703555201-10-K-20000421.txt,0000045791
848420105-10-K-20000316.txt,0000914536
119003101-10-K-20000330.txt,0000922471
027070101-10-K-20001222.txt,0000849667
967590100-10-K-20000330.txt,0001034760
036115103-10-K-20000418.txt,0000874214
855668109-10-K-20000913.txt,0000093676
654892108-10-K-20000204.txt,0000072205
784110108-10-K-20000628.txt,0000925524
643872104-10-K-20000901.txt,0000205700
947621207-10-K-20001113.txt,0000916314
372461103-10-K-20000330.txt,0000837913
G90751101-10-K-20000310.txt,0001009404
612570101-10-K-20000218.txt,0000913032
720773100-10-K-20000623.txt,0000925544
293850103-10-K-20000330.txt,0000013547
192108108-10-K-20000328.txt,0000215466
896942109-10-K-20000330.txt,0001041426
46060X107-10-K-20000330.txt,0001053148
015351109-10-K-20001006.txt,0000899866
05874B107-10-K-20000928.txt,0000002491
384111209-10-K-20000627.txt,0000719597
896926102-10-K-20000629.txt,0000918642
749941100-10-K-20000623.txt,0000911160
302633102-10-K-20001121.txt,0000841692
302445101-10-K-20000414.txt,0000354908
747620102-10-K-20000107.txt,0000276889
726900103-10-K-20001221.txt,0000722392
260174107-10-K-20000823.txt,0001017673
005113105-10-K-20000320.txt,0000717014
67082B105-10-K-20000324.txt,0001043476
94106P209-10-K-20000330.txt,0000847468
379907108-10-K-20000330.txt,0001015610
346091705-10-K-20000324.txt,0000038079
574599106-10-K-20000330.txt,0000062996
761230101-10-K-20000928.txt,0000780434
04362P207-10-K-20000228.txt,0000799089
089128102-10-K-20000329.txt,0001019439
891918203-10-K-20000330.txt,0000922811
058822107-10-K-20000324.txt,0000009442
301973103-10-K-20000921.txt,0001051490
751907304-10-K-20000329.txt,0000849502
126426402-10-K-20000328.txt,0000023259
30067T103-10-K-20000306.txt,0000873603
32022D108-10-K-20000928.txt,0000854395
591647102-10-K-20000310.txt,0000906525
028882108-10-K-20000330.txt,0000724024
318910106-10-K-20000329.txt,0000811589
030145205-10-K-20001229.txt,0000924383
03070Q101-10-K-20000330.txt,0000912145
00246W103-10-K-20000414.txt,0001051627
144577103-10-K-20000330.txt,0001040593
864482104-10-K-20001220.txt,0001005210
292872108-10-K-20000414.txt,0001005270
552541104-10-K-20000327.txt,0000945235
879080109-10-K-20000327.txt,0000096869
36230D206-10-K-20000330.txt,0001051591
855547105-10-K-20000114.txt,0000276331
171484108-10-K-20000316.txt,0000020212
84763A108-10-K-20000413.txt,0000831547
G2110U109-10-K-20000414.txt,0000793628
683709109-10-K-20000330.txt,0001011738
127055101-10-K-20001228.txt,0000016040
284853306-10-K-20001027.txt,0000785819
532430105-10-K-20000524.txt,0000818008
15131W109-10-K-20000330.txt,0000877834
750917106-10-K-20001130.txt,0000917273
83546Q109-10-K-20000330.txt,0000850519
98385X106-10-K-20000330.txt,0000868809
587587106-10-K-20000330.txt,0001039276
016752107-10-K-20000331.txt,0000003642
570363101-10-K-20000329.txt,0000810113
10947N104-10-K-20000330.txt,0001050025
031909203-10-K-20000330.txt,0000225569
741570105-10-K-20000414.txt,0000911708
390905107-10-K-20000330.txt,0000854560
413875105-10-K-20000830.txt,0000202058
449575109-10-K-20000414.txt,0000352998
001963107-10-K-20000328.txt,0000926763
810022202-10-K-20000327.txt,0000720032
824911101-10-K-20000428.txt,0000878314
140640103-10-K-20000330.txt,0000017385
004527107-10-K-20000330.txt,0000319120
554382101-10-K-20000321.txt,0000912242
987425105-10-K-20000330.txt,0001030048
25429Q102-10-K-20000330.txt,0000919568
748767100-10-K-20000330.txt,0000919623
700416209-10-K-20000526.txt,0000076267
36238K103-10-K-20000330.txt,0000850483
286082102-10-K-20000317.txt,0000867374
716578109-10-K-20000317.txt,0000077877
862685104-10-K-20000329.txt,0000915735
786578302-10-K-20000322.txt,0000847555
458786100-10-K-20000328.txt,0001044590
74342L105-10-K-20000330.txt,0001011630
687913103-10-K-20000330.txt,0001039139
00185E106-10-K-20000328.txt,0000949297
89385P102-10-K-20000330.txt,0000809246
405183104-10-K-20000330.txt,0001033693
019411107-10-K-20000414.txt,0000003941
928551100-10-K-20000330.txt,0000881524
033037102-10-K-20000928.txt,0000914923
70159Q104-10-K-20000328.txt,0000729237
70335P103-10-K-20000327.txt,0001000235
626717102-10-K-20000323.txt,0000717423
783549108-10-K-20000313.txt,0000085961
038465100-10-K-20000330.txt,0000007039
816006308-10-K-20000330.txt,0000276380
464478106-10-K-20000714.txt,0000866535
469814107-10-K-20001227.txt,0000052988
001912401-10-K-20000330.txt,0000793961
810186106-10-K-20001228.txt,0000825542
866239106-10-K-20000317.txt,0000915773
853887107-10-K-20000324.txt,0000093456
864221106-10-K-20000330.txt,0001008130
89376P103-10-K-20000113.txt,0000925063
74838L304-10-K-20000320.txt,0000868278
714265105-10-K-20000303.txt,0000894253
30024B104-10-K-20000414.txt,0000912365
74270W107-10-K-20001030.txt,0001025711
019222108-10-K-20000928.txt,0000874710
03113V109-10-K-20000324.txt,0001044612
141706309-10-K-20000705.txt,0000879969
03759P101-10-K-20000501.txt,0000840319
423328103-10-K-20000225.txt,0000046738
369154109-10-K-20000322.txt,0000040461
225223304-10-K-20000330.txt,0000949158
705906105-10-K-20000310.txt,0001040261
638620104-10-K-20000317.txt,0000780053
45764D102-10-K-20000322.txt,0000822084
402307102-10-K-20000323.txt,0001031623
53220K207-10-K-20000329.txt,0000886163
37929C103-10-K-20000330.txt,0000885741
591596101-10-K-20000324.txt,0000884318
68268N103-10-K-20000328.txt,0000909281
042744102-10-K-20000323.txt,0000717538
150602209-10-K-20000330.txt,0000761648
256747106-10-K-20000317.txt,0000935703
911301109-10-K-20000324.txt,0001049231
828599100-10-K-20000330.txt,0000764039
731822102-10-K-20000331.txt,0000883979
398635102-10-K-20000612.txt,0000028325
765516109-10-K-20000324.txt,0000083877
59162P104-10-K-20000330.txt,0001026965
879939106-10-K-20000329.txt,0001013880
445658107-10-K-20000302.txt,0000728535
346563109-10-K-20000310.txt,0001023313
867071102-10-K-20000502.txt,0000003662
358032100-10-K-20000323.txt,0000893741
549463107-10-K-20001227.txt,0001006240
737464107-10-K-20000321.txt,0000903127
302941109-10-K-20000330.txt,0000887936
G56462198-10-K-20000330.txt,0001006269
880770102-10-K-20000327.txt,0000097210
037598109-10-K-20000516.txt,0000006845
784273104-10-K-20000307.txt,0000721161
51282P106-10-K-20000330.txt,0001067489
339030108-10-K-20000309.txt,0000050341
92657Q105-10-K-20000329.txt,0000932113
00130R103-10-K-20000414.txt,0001002628
225447101-10-K-20000810.txt,0000895419
833793102-10-K-20001113.txt,0000905036
05564E106-10-K-20000324.txt,0001011174
929566107-10-K-20000329.txt,0000879526
577729205-10-K-20000329.txt,0000711039
909218109-10-K-20000309.txt,0000798949
110122108-10-K-20000330.txt,0000014272
269824108-10-K-20000928.txt,0000945066
42327L101-10-K-20000329.txt,0001040792
344437405-10-K-20000928.txt,0000355019
303072102-10-K-20000424.txt,0000813775
806530101-10-K-20000629.txt,0000703598
800013104-10-K-20000128.txt,0000812128
00826M103-10-K-20000330.txt,0001007508
431032101-10-K-20000330.txt,0001002816
55261F104-10-K-20000225.txt,0000036270
009207101-10-K-20000628.txt,0000353184
292962107-10-K-20000329.txt,0000940659
92532F100-10-K-20000303.txt,0000875320
89589H104-10-K-20000327.txt,0001022622
050727106-10-K-20001229.txt,0001005015
86627E101-10-K-20000330.txt,0000813902
928559103-10-K-20001018.txt,0001056312
362418105-10-K-20000330.txt,0000913782
097698104-10-K-20000922.txt,0000354655
918261108-10-K-20000113.txt,0001033491
436141105-10-K-20000330.txt,0000905895
863236105-10-K-20000324.txt,0001013934
224174102-10-K-20000414.txt,0000110985
373200203-10-K-20000329.txt,0000805264
969490101-10-K-20000328.txt,0000880115
69888P106-10-K-20000330.txt,0000878088
337931109-10-K-20000926.txt,0001035240
09688T106-10-K-20000928.txt,0001020905
747135101-10-K-20000320.txt,0001001917
604871103-10-K-20000926.txt,0000880432
248335101-10-K-20000330.txt,0001042598
264142100-10-K-20000428.txt,0000030302
49127B100-10-K-20001221.txt,0000910394
27032B209-10-K-20000327.txt,0000911801
62944W207-10-K-20000407.txt,0000904896
04622E208-10-K-20000329.txt,0000945989
674424106-10-K-20000927.txt,0000892191
909912107-10-K-20000329.txt,0000065358
68219P108-10-K-20000328.txt,0000925288
126349109-10-K-20000324.txt,0001005757
437858103-10-K-20000414.txt,0001061117
32054K103-10-K-20000315.txt,0000921825
919792101-10-K-20000925.txt,0001030715
36467A107-10-K-20000829.txt,0000918580
056042104-10-K-20000328.txt,0000353650
640522108-10-K-20000223.txt,0000877902
315293100-10-K-20001026.txt,0000922358
493143101-10-K-20001219.txt,0000906193
282339209-10-K-20000407.txt,0000842807
420542102-10-K-20000330.txt,0000046267
577128101-10-K-20001222.txt,0000063296
291525103-10-K-20000530.txt,0000783005
379336100-10-K-20000323.txt,0000895663
75621K106-10-K-20000317.txt,0000930548
368689105-10-K-20000330.txt,0001043914
74158J103-10-K-20000324.txt,0001042798
707874400-10-K-20000330.txt,0000814181
298786104-10-K-20001011.txt,0001052914
501873103-10-K-20000216.txt,0001042162
934488107-10-K-20000328.txt,0000104669
726540503-10-K-20000330.txt,0000350426
278762109-10-K-20000313.txt,0001001082
639208107-10-K-20000627.txt,0000911650
405217100-10-K-20000928.txt,0000910406
021441100-10-K-20000324.txt,0000768251
007973100-10-K-20000320.txt,0000927003
531172104-10-K-20000308.txt,0000921112
437305105-10-K-20000324.txt,0000814457
78465D105-10-K-20000407.txt,0001050031
598709301-10-K-20000307.txt,0000716823
421924309-10-K-20000330.txt,0000785161
042166801-10-K-20000330.txt,0000814339
001712108-10-K-20000330.txt,0001028584
421939307-10-K-20000414.txt,0000878230
563771104-10-K-20000330.txt,0001056358
30226D106-10-K-20000929.txt,0001078271
740585104-10-K-20000330.txt,0000880804
629360108-10-K-20000531.txt,0000748714
892148206-10-K-20000330.txt,0001061762
848457107-10-K-20000324.txt,0000276641
00650M104-10-K-20000829.txt,0000016357
853612109-10-K-20000329.txt,0000853971
156436107-10-K-20000330.txt,0000785813
481138105-10-K-20000324.txt,0001035815
126667104-10-K-20000330.txt,0000921506
34416Q109-10-K-20000324.txt,0001048566
822809109-10-K-20000331.txt,0000935066
629248105-10-K-20000126.txt,0000915866
619821101-10-K-20000327.txt,0000704508
282056100-10-K-20000921.txt,0001085061
51476K103-10-K-20001228.txt,0000825410
868157108-10-K-20000330.txt,0000886835
629410309-10-K-20000317.txt,0000748592
02343R102-10-K-20000303.txt,0001027258
750857104-10-K-20000330.txt,0001058441
71376K102-10-K-20000330.txt,0001003950
604363200-10-K-20000330.txt,0000944400
073325102-10-K-20000501.txt,0001031798
409189107-10-K-20000329.txt,0000045260
161726104-10-K-20000323.txt,0000912393
317574101-10-K-20000330.txt,0000035733
303250104-10-K-20001229.txt,0000814547
237266101-10-K-20000331.txt,0000916540
72811G102-10-K-20000328.txt,0000888916
75886F107-10-K-20000306.txt,0000872589
601073109-10-K-20000313.txt,0000066479
03058P109-10-K-20000321.txt,0000726990
097519102-10-K-20000330.txt,0001011108
452907108-10-K-20000928.txt,0000722830
311642102-10-K-20000329.txt,0000917491
542307103-10-K-20000331.txt,0000883670
924907108-10-K-20000330.txt,0000880458
37956X103-10-K-20000928.txt,0001031028
296074305-10-K-20000928.txt,0000862668
46270W105-10-K-20000330.txt,0000319240
904000106-10-K-20000316.txt,0000887207
847580107-10-K-20000330.txt,0000894268
374689107-10-K-20000201.txt,0000912562
913483103-10-K-20000330.txt,0000101984
49337W100-10-K-20000310.txt,0001062379
14159W109-10-K-20000329.txt,0000863680
226901106-10-K-20000928.txt,0000812121
903213106-10-K-20000629.txt,0000315449
006854202-10-K-20000928.txt,0000865415
872443403-10-K-20000328.txt,0000865570
930059100-10-K-20000323.txt,0001052100
41043F208-10-K-20000330.txt,0000722723
337157101-10-K-20000525.txt,0000820242
05329W102-10-K-20000330.txt,0000350698
832154108-10-K-20000330.txt,0000948708
24522P103-10-K-20000908.txt,0000866873
69357H106-10-K-20001221.txt,0000927362
485170302-10-K-20000414.txt,0000054480
303698104-10-K-20000920.txt,0000009779
89365P106-10-K-20000706.txt,0000719271
165167107-10-K-20000330.txt,0000895126
447324104-10-K-20000128.txt,0000315374
515707107-10-K-20000519.txt,0000725460
254590102-10-K-20000307.txt,0000904541
285661104-10-K-20000315.txt,0001007456
462613001-10-K-20000301.txt,0000728391
099709107-10-K-20000424.txt,0000940510
92532L305-10-K-20000330.txt,0001043946
004325205-10-K-20001129.txt,0000804888
302571104-10-K-20000302.txt,0000753308
109195107-10-K-20000329.txt,0001060559
74264T102-10-K-20000316.txt,0001037975
091736108-10-K-20000330.txt,0000818813
293561106-10-K-20000330.txt,0001024401
88554L108-10-K-20000314.txt,0000032272
466210101-10-K-20001006.txt,0000216275
55972F203-10-K-20000330.txt,0000854271
197648009-10-K-20000302.txt,0000022099
929248409-10-K-20000329.txt,0000106618
749084109-10-K-20000928.txt,0000854694
37989P200-10-K-20000331.txt,0000946661
91347P105-10-K-20000330.txt,0001005284
404251100-10-K-20000320.txt,0000048287
00086T103-10-K-20000320.txt,0001042809
86688Q100-10-K-20000330.txt,0000868512
161133103-10-K-20000428.txt,0000019353
G7702U102-10-K-20000330.txt,0001036297
24702R101-10-K-20000414.txt,0000826083
256743105-10-K-20000322.txt,0001049108
151167301-10-K-20000329.txt,0000876378
225302108-10-K-20000127.txt,0000893162
70959W103-10-K-20000329.txt,0001019849
888339207-10-K-20000323.txt,0001011657
59133P100-10-K-20000330.txt,0001000366
749719100-10-K-20000315.txt,0000932064
849176102-10-K-20000428.txt,0000929470
300867306-10-K-20000330.txt,0001065857
204493100-10-K-20000223.txt,0000714154
343909107-10-K-20000330.txt,0000911684
M6778Q105-10-K-20000330.txt,0001004945
744378803-10-K-20000330.txt,0000080984
923433106-10-K-20000324.txt,0001040956
282329101-10-K-20000330.txt,0001026506
37517M109-10-K-20000330.txt,0000948263
92656U107-10-K-20000831.txt,0000913888
302182100-10-K-20000329.txt,0000885721
872636105-10-K-20000330.txt,0000749254
055645303-10-K-20001221.txt,0000014846
896818101-10-K-20000628.txt,0001021162
281667105-10-K-20000126.txt,0000798757
247357106-10-K-20001129.txt,0000902277
535130108-10-K-20000330.txt,0000059591
297862104-10-K-20000602.txt,0001052245
191098102-10-K-20000331.txt,0000317540
127072106-10-K-20000330.txt,0001047696
261570105-10-K-20001027.txt,0000717724
53630P101-10-K-20000331.txt,0000071478
195493309-10-K-20000317.txt,0000092339
78462K102-10-K-20000330.txt,0000869570
69318P106-10-K-20000317.txt,0001007594
609200100-10-K-20000928.txt,0000902276
450909106-10-K-20000324.txt,0000855182
138108402-10-K-20000314.txt,0000794927
053611109-10-K-20000330.txt,0000008818
59283R104-10-K-20000403.txt,0001009244
205199102-10-K-20000516.txt,0000943206
952355105-10-K-20000315.txt,0001024657
706905106-10-K-20000313.txt,0001058254
192446102-10-K-20000307.txt,0001058290
878377100-10-K-20000927.txt,0000842023
57685L105-10-K-20000330.txt,0001006195
083739102-10-K-20001229.txt,0000011454
986001105-10-K-20000131.txt,0000821572
059692103-10-K-20000329.txt,0000701853
903512101-10-K-20000403.txt,0001012704
50076E103-10-K-20000322.txt,0000889427
25247D101-10-K-20000330.txt,0001016179
901167106-10-K-20001218.txt,0001060390
629337106-10-K-20000329.txt,0000918541
87306E107-10-K-20000612.txt,0000879884
00088E104-10-K-20000320.txt,0000854152
871508107-10-K-20000302.txt,0000278352
207015108-10-K-20000330.txt,0000854727
23126R101-10-K-20000307.txt,0001030653
577081102-10-K-20000310.txt,0000063276
053690103-10-K-20000927.txt,0000932903
02744P101-10-K-20000315.txt,0000878897
561063108-10-K-20000327.txt,0000914735
37245R107-10-K-20000329.txt,0001005387
290817105-10-K-20000324.txt,0000878725
523251106-10-K-20000928.txt,0000805928
988881108-10-K-20000308.txt,0000883741
759916109-10-K-20000623.txt,0000730272
87959Y103-10-K-20000322.txt,0001047021
36466D102-10-K-20000131.txt,0001045014
039392105-10-K-20000330.txt,0000915390
492545207-10-K-20000928.txt,0000312842
031535107-10-K-20000317.txt,0000741559
952145100-10-K-20000323.txt,0000717059
981475106-10-K-20000606.txt,0000789460
020409108-10-K-20000629.txt,0000799231
350060109-10-K-20000330.txt,0000352825
781904107-10-K-20000329.txt,0000869561
682406103-10-K-20000329.txt,0000712770
90331T107-10-K-20000330.txt,0001043438
02476B106-10-K-20001010.txt,0000772349
006848105-10-K-20000330.txt,0000796486
422101105-10-K-20000329.txt,0000914435
372447102-10-K-20000331.txt,0000040972
457875102-10-K-20000330.txt,0000880026
556466100-10-K-20000330.txt,0001038271
891050106-10-K-20000323.txt,0000098720
759509102-10-K-20000327.txt,0000861884
26874Q100-10-K-20000301.txt,0000314808
78463B101-10-K-20000330.txt,0001063254
368538104-10-K-20000330.txt,0001001425
87233R106-10-K-20000330.txt,0000875315
26658Q102-10-K-20000330.txt,0000785186
010317105-10-K-20000323.txt,0000926966
124875105-10-K-20000317.txt,0000714612
008015307-10-K-20000501.txt,0000109471
44926L300-10-K-20000329.txt,0000049588
285562500-10-K-20001229.txt,0000721773
589354406-10-K-20000928.txt,0000052532
501337406-10-K-20001222.txt,0000842009
103354106-10-K-20000330.txt,0001074530
117394106-10-K-20000330.txt,0000826075
659310106-10-K-20000112.txt,0000072633
20363C102-10-K-20000330.txt,0000832847
26817Q506-10-K-20000418.txt,0000826675
983919101-10-K-20000605.txt,0000743988
44043T103-10-K-20000330.txt,0001041255
590876306-10-K-20000427.txt,0000065201
42366C103-10-K-20000329.txt,0000946644
61945R100-10-K-20000530.txt,0000006383
895919108-10-K-20000928.txt,0000859475
111412607-10-K-20000330.txt,0000920448
001693100-10-K-20000315.txt,0000894972
68272W107-10-K-20000329.txt,0000910391
393154109-10-K-20000328.txt,0000043704
019205103-10-K-20000328.txt,0000796317
00252W104-10-K-20000330.txt,0001013243
709102107-10-K-20000330.txt,0000077281
493732101-10-K-20000329.txt,0000930420
053807103-10-K-20000927.txt,0000008858
09066Y107-10-K-20000329.txt,0000880259
784109209-10-K-20000928.txt,0000800286
91972C106-10-K-20000614.txt,0001074908
46621D103-10-K-20000330.txt,0001038237
731095105-10-K-20000328.txt,0000079326
055936108-10-K-20000330.txt,0000945434
053790101-10-K-20000329.txt,0001040445
842814105-10-K-20000330.txt,0000896397
670837103-10-K-20000327.txt,0001021635
867931305-10-K-20000330.txt,0000895665
62758B109-10-K-20000324.txt,0000832995
071593107-10-K-20000323.txt,0000771498
461858102-10-K-20000926.txt,0000806168
625453105-10-K-20001227.txt,0000896400
302301106-10-K-20001228.txt,0000876523
815807102-10-K-20000330.txt,0000894572
891027104-10-K-20000323.txt,0000320335
978097103-10-K-20000330.txt,0000110471
34629U103-10-K-20001030.txt,0000884144
88633P203-10-K-20000323.txt,0001006637
457923100-10-K-20000330.txt,0000945441
92831N101-10-K-20000505.txt,0001020258
55347W105-10-K-20001229.txt,0000920354
03073H108-10-K-20000929.txt,0001064015
278864301-10-K-20000215.txt,0000814050
495582108-10-K-20000330.txt,0001047699
988498101-10-K-20000306.txt,0001041061
829226109-10-K-20000330.txt,0000912752
894745207-10-K-20000324.txt,0000842718
037933108-10-K-20000327.txt,0000882289
150934404-10-K-20000324.txt,0000891293
032511107-10-K-20000316.txt,0000773910
444903108-10-K-20000317.txt,0000901219
053774105-10-K-20000301.txt,0000723612
74837R104-10-K-20000324.txt,0001060990
109178103-10-K-20000330.txt,0001034755
74835F102-10-K-20000626.txt,0001016503
90130N103-10-K-20000330.txt,0000100331
431284108-10-K-20000330.txt,0000921082
640268108-10-K-20000310.txt,0000906709
030137103-10-K-20000921.txt,0000766430
449293109-10-K-20001221.txt,0000353567
427825104-10-K-20000330.txt,0001063344
059815100-10-K-20000330.txt,0000009534
277851101-10-K-20000324.txt,0000796369
294766100-10-K-20000306.txt,0000878932
136907102-10-K-20000929.txt,0000793279
834182107-10-K-20001113.txt,0000835541
132524109-10-K-20000330.txt,0000895462
926530106-10-K-20000330.txt,0000929900
404264103-10-K-20000329.txt,0000718909
055467203-10-K-20000928.txt,0000716629
92904N103-10-K-20000316.txt,0001050080
640497202-10-K-20000310.txt,0001030485
294268107-10-K-20000629.txt,0001022408
03070L300-10-K-20000330.txt,0000903129
426281101-10-K-20000927.txt,0000779152
455792101-10-K-20000731.txt,0001016243
902925106-10-K-20000330.txt,0000883945
12673P105-10-K-20000609.txt,0000356028
457985208-10-K-20000330.txt,0000917520
824543102-10-K-20000131.txt,0000904979
670872100-10-K-20000323.txt,0000899723
035250109-10-K-20000330.txt,0000935802
195746102-10-K-20000404.txt,0001027430
042698308-10-K-20000331.txt,0000819689
655370104-10-K-20000428.txt,0000043837
589400100-10-K-20000329.txt,0000064996
550819106-10-K-20000330.txt,0000060977
262037104-10-K-20000323.txt,0001042893
460918105-10-K-20000330.txt,0000879813
481088300-10-K-20000310.txt,0000054050
398905109-10-K-20000330.txt,0001031203
792228108-10-K-20000313.txt,0000893538
278642103-10-K-20000330.txt,0001065088
371601204-10-K-20000728.txt,0000040934
39167M108-10-K-20000328.txt,0000773845
81170Q106-10-K-20000328.txt,0001061692
872386107-10-K-20000614.txt,0000927355
594793101-10-K-20000324.txt,0000932111
827048109-10-K-20000314.txt,0000849869
460335300-10-K-20000228.txt,0000051548
056543101-10-K-20000321.txt,0000009096
695542100-10-K-20000504.txt,0000878324
461851107-10-K-20000330.txt,0001005969
361268105-10-K-20000928.txt,0000039648
43357B104-10-K-20000330.txt,0000922503
46061G103-10-K-20000330.txt,0001003282
G73537410-10-K-20000403.txt,0001064122
949702104-10-K-20000329.txt,0000812708
974259103-10-K-20000330.txt,0000052234
358438109-10-K-20001228.txt,0000911004
466189107-10-K-20000324.txt,0000910721
441473105-10-K-20000418.txt,0000911434
960878106-10-K-20000323.txt,0000106455
85569E103-10-K-20000327.txt,0001043310
00508B102-10-K-20000330.txt,0001062478
743263105-10-K-20000329.txt,0001094093
903002103-10-K-20000323.txt,0000752642
049904105-10-K-20000329.txt,0000701288
156431108-10-K-20000330.txt,0000949157
963801105-10-K-20001228.txt,0000013606
69404P101-10-K-20000315.txt,0000357264
456818301-10-K-20000321.txt,0000879437
46062W107-10-K-20000315.txt,0000854093
449491109-10-K-20000330.txt,0001001185
20050L100-10-K-20000629.txt,0000864509
595112103-10-K-20001018.txt,0000723125
05336P108-10-K-20000403.txt,0000849101
911363109-10-K-20000330.txt,0001067701
78453M109-10-K-20000516.txt,0001024452
717139307-10-K-20000330.txt,0000713275
258609304-10-K-20000217.txt,0001049480
806416103-10-K-20000407.txt,0000948929
358430106-10-K-20000330.txt,0001039780
584690309-10-K-20000928.txt,0000859368
143436400-10-K-20000413.txt,0000799088
759543200-10-K-20000320.txt,0000769874
595626102-10-K-20000330.txt,0001046131
21922H103-10-K-20000327.txt,0000702301
707569109-10-K-20000320.txt,0000921738
360271100-10-K-20000329.txt,0000700564
153145107-10-K-20000329.txt,0000921085
527016109-10-K-20000331.txt,0000796226
497059105-10-K-20000329.txt,0000314037
749388104-10-K-20000327.txt,0001034239
488044108-10-K-20000425.txt,0000055080
282491109-10-K-20000329.txt,0001035507
32058A101-10-K-20000725.txt,0000948034
570387100-10-K-20000530.txt,0000062418
232572107-10-K-20000327.txt,0000897067
091250100-10-K-20000914.txt,0000779334
50047R100-10-K-20000330.txt,0000899757
053491106-10-K-20000328.txt,0000744218
29089W102-10-K-20000331.txt,0001002554
466096104-10-K-20000403.txt,0000103884
461147100-10-K-20000330.txt,0001036262
111320107-10-K-20000330.txt,0001054374
284739109-10-K-20000229.txt,0000090721
716768106-10-K-20000424.txt,0000863157
073302101-10-K-20000509.txt,0000861361
289393100-10-K-20000629.txt,0000771214
126650100-10-K-20000331.txt,0000064803
00437V104-10-K-20000928.txt,0001068887
44930G107-10-K-20000310.txt,0000883984
317234102-10-K-20000330.txt,0001013236
23326R109-10-K-20000328.txt,0000934448
30240S600-10-K-20000428.txt,0000878720
428236103-10-K-20000127.txt,0000047217
090945106-10-K-20000330.txt,0000834306
05275N106-10-K-20000323.txt,0001023364
743737108-10-K-20000329.txt,0000831968
591650106-10-K-20000330.txt,0001068300
591610100-10-K-20000322.txt,0001026816
264411505-10-K-20000330.txt,0000783280
731745105-10-K-20000331.txt,0000927417
129914107-10-K-20000330.txt,0001057187
209759109-10-K-20000324.txt,0000023752
284155108-10-K-20001129.txt,0000949872
594901100-10-K-20000928.txt,0000320345
344123203-10-K-20000323.txt,0000912908
682159108-10-K-20000329.txt,0000890564
638789107-10-K-20000329.txt,0001025573
004930202-10-K-20000629.txt,0000718877
202630208-10-K-20000329.txt,0001013556
536310105-10-K-20000328.txt,0000786557
735647307-10-K-20000413.txt,0000079564
62474G101-10-K-20000629.txt,0000906282
179584107-10-K-20000428.txt,0000034115
565011103-10-K-20000512.txt,0000908440
142339100-10-K-20000309.txt,0000790051
885218107-10-K-20000306.txt,0000892535
025278201-10-K-20000330.txt,0000315411
011637105-10-K-20000313.txt,0000817161
970646105-10-K-20000329.txt,0001018164
282012103-10-K-20000407.txt,0000872901
91911X104-10-K-20000330.txt,0000930184
880779103-10-K-20000324.txt,0000097216
398231100-10-K-20000225.txt,0001037390
19034H201-10-K-20000330.txt,0001018920
247131105-10-K-20000315.txt,0000859139
685929101-10-K-20000329.txt,0001037115
219141108-10-K-20000330.txt,0001016152
457667103-10-K-20000324.txt,0000353020
76121R104-10-K-20000330.txt,0001065002
14052H506-10-K-20000330.txt,0001061630
482732104-10-K-20000324.txt,0000006720
49338N109-10-K-20000626.txt,0001012393
36238G102-10-K-20000330.txt,0000828750
890110109-10-K-20000330.txt,0001005817
69366Y108-10-K-20000314.txt,0000852426
774515100-10-K-20000330.txt,0000895456
903370104-10-K-20000330.txt,0000102438
296650104-10-K-20000928.txt,0000033533
168088102-10-K-20000329.txt,0000019871
245091103-10-K-20000330.txt,0000027751
679783100-10-K-20000330.txt,0001022794
374163103-10-K-20000313.txt,0000886744
521050104-10-K-20000428.txt,0000888504
989139100-10-K-20000622.txt,0000352435
442487203-10-K-20000113.txt,0000357294
94732Q100-10-K-20001023.txt,0000854460
88335R101-10-K-20000330.txt,0001066684
553444100-10-K-20000928.txt,0001047098
443320106-10-K-20000329.txt,0000940942
05538P104-10-K-20001220.txt,0001041866
628874109-10-K-20000928.txt,0001004990
03169A108-10-K-20000330.txt,0001035744
26830K205-10-K-20000515.txt,0000880460
82980K107-10-K-20000330.txt,0000943820
351042106-10-K-20000428.txt,0000091649
825190101-10-K-20000328.txt,0000822697
45770X100-10-K-20000330.txt,0000895095
741437305-10-K-20000307.txt,0000355787
404172108-10-K-20000928.txt,0000881790
022611107-10-K-20000414.txt,0001015298
004644100-10-K-20000929.txt,0000002070
74762E102-10-K-20000330.txt,0001050915
101706208-10-K-20000330.txt,0000837472
65440K106-10-K-20000329.txt,0001011290
49427F108-10-K-20000321.txt,0001025996
469865109-10-K-20001206.txt,0001056874
872183108-10-K-20000218.txt,0000718449
86600T109-10-K-20000831.txt,0000810029
900006206-10-K-20000330.txt,0000916545
032515108-10-K-20000330.txt,0000940332
846425882-10-K-20001226.txt,0000927720
867948937-10-K-20000330.txt,0001029831
938864105-10-K-20001012.txt,0000104834
918031105-10-K-20000621.txt,0000821361
75936P105-10-K-20000329.txt,0001038222
337719108-10-K-20000414.txt,0000750901
36237H101-10-K-20000428.txt,0000821002
04314Q105-10-K-20000330.txt,0001070361
577904501-10-K-20000403.txt,0000722573
258278100-10-K-20000324.txt,0000868780
12512N105-10-K-20000307.txt,0000899171
846243103-10-K-20000912.txt,0001001907
482738101-10-K-20000330.txt,0001007587
45070M309-10-K-20001027.txt,0000916614
878555101-10-K-20000320.txt,0000096763
475070108-10-K-20000329.txt,0000053347
51806D100-10-K-20000330.txt,0001046099
847608106-10-K-20000629.txt,0000925054
086584307-10-K-20001030.txt,0000004344
624580106-10-K-20000419.txt,0000072573
64065P102-10-K-20000928.txt,0000894743
46624E405-10-K-20000128.txt,0000846615
194830204-10-K-20000324.txt,0000846815
L20708100-10-K-20000330.txt,0000919869
29084Q100-10-K-20000223.txt,0000105634
12487Q109-10-K-20000330.txt,0001017917
250837101-10-K-20000322.txt,0000910058
337915102-10-K-20000310.txt,0000354869
035710409-10-K-20000330.txt,0001043219
437333107-10-K-20001002.txt,0001038262
555903301-10-K-20000330.txt,0000743884
461915100-10-K-20000309.txt,0000949589
413353103-10-K-20000428.txt,0000818682
445542103-10-K-20000413.txt,0000889949
94155N105-10-K-20001221.txt,0001037682
131910101-10-K-20000330.txt,0000913443
579487109-10-K-20001228.txt,0000063686
98950E400-10-K-20000330.txt,0000827056
437076102-10-K-20000421.txt,0000354950
925297103-10-K-20000926.txt,0000803647
966524100-10-K-20000614.txt,0000352183
749056107-10-K-20000927.txt,0000032870
699556106-10-K-20001228.txt,0000789660
64127C107-10-K-20000330.txt,0000356342
688582105-10-K-20000330.txt,0000874734
344185103-10-K-20000921.txt,0000914066
292659109-10-K-20001003.txt,0000032878
892782103-10-K-20000330.txt,0001039184
91821B101-10-K-20000920.txt,0000784961
69329V100-10-K-20000315.txt,0001054102
00202J203-10-K-20000328.txt,0000818033
28139T101-10-K-20000928.txt,0000880059
69323K100-10-K-20000330.txt,0000937941
461148108-10-K-20000307.txt,0001001902
361115603-10-K-20000327.txt,0000872548
226603504-10-K-20000414.txt,0000847322
749938106-10-K-20001222.txt,0001017958
158787101-10-K-20001002.txt,0001040328
864591102-10-K-20000420.txt,0000911323
07384R408-10-K-20000414.txt,0000909992
338494107-10-K-20000414.txt,0000799526
14073T109-10-K-20000315.txt,0000909276
580135101-10-K-20000328.txt,0000063908
233377407-10-K-20000329.txt,0001020710
743459109-10-K-20000927.txt,0000917823
294040308-10-K-20000328.txt,0000863815
172574105-10-K-20000330.txt,0000045674
35803R105-10-K-20000414.txt,0000921614
087851309-10-K-20000330.txt,0001040441
401617105-10-K-20000330.txt,0000912463
251591103-10-K-20000330.txt,0000894315
868146101-10-K-20000330.txt,0001020999
358846103-10-K-20000815.txt,0000890662
114340102-10-K-20001222.txt,0000933974
808156103-10-K-20000330.txt,0001038368
035255108-10-K-20000330.txt,0000898437
826322109-10-K-20000324.txt,0000754009
589644103-10-K-20000328.txt,0000809801
011311107-10-K-20000330.txt,0000897077
749360400-10-K-20000107.txt,0000700841
602191108-10-K-20000330.txt,0000752692
474900107-10-K-20000330.txt,0000895470
255911109-10-K-20001027.txt,0001033864
415864107-10-K-20000321.txt,0000045876
685906109-10-K-20000330.txt,0000779733
817492101-10-K-20000427.txt,0001073967
843805102-10-K-20000330.txt,0000109747
694327107-10-K-20000331.txt,0001004967
21036P207-10-K-20000530.txt,0000016918
553533100-10-K-20000330.txt,0000790372
317884203-10-K-20000428.txt,0000878731
871565107-10-K-20000330.txt,0000095953
461142101-10-K-20000526.txt,0000764244
816658108-10-K-20001229.txt,0001078259
914900105-10-K-20001222.txt,0000812075
00760P104-10-K-20000330.txt,0001043324
655053106-10-K-20000330.txt,0001034258
671802106-10-K-20000928.txt,0000824225
37803P105-10-K-20000301.txt,0000929454
039670104-10-K-20000629.txt,0000719866
157639105-10-K-20000629.txt,0000742685
457660108-10-K-20000330.txt,0000802724
80874P109-10-K-20000128.txt,0000750004
032744104-10-K-20000928.txt,0000006314
207410101-10-K-20000328.txt,0000816956
595145103-10-K-20000229.txt,0000803395
803062108-10-K-20000330.txt,0001008817
761684109-10-K-20000329.txt,0000850476
523283109-10-K-20000922.txt,0000910522
845905108-10-K-20000330.txt,0000811830
63935R108-10-K-20000327.txt,0001055455
784776106-10-K-20000330.txt,0000765414
023559206-10-K-20000927.txt,0000811419
835637109-10-K-20000925.txt,0000102588
59515B109-10-K-20000330.txt,0000929299
92847T209-10-K-20000330.txt,0000789851
487256109-10-K-20000320.txt,0001018848
762582203-10-K-20000113.txt,0000789881
74838J101-10-K-20000324.txt,0000353569
704157205-10-K-20000419.txt,0001048142
878308105-10-K-20000330.txt,0000096669
869099101-10-K-20000324.txt,0000700863
69840W108-10-K-20000410.txt,0000724606
50186A108-10-K-20000330.txt,0000061004
20343F100-10-K-20000323.txt,0000894508
224905109-10-K-20000330.txt,0001024339
091283200-10-K-20000330.txt,0000948072
362386104-10-K-20000526.txt,0000852004
51506S100-10-K-20000330.txt,0000854418
825846108-10-K-20000330.txt,0000807873
124867102-10-K-20000228.txt,0000721447
153527106-10-K-20001229.txt,0000887733
231157108-10-K-20000329.txt,0001053949
451906101-10-K-20000926.txt,0000735780
461203101-10-K-20000330.txt,0000742112
707573101-10-K-20001114.txt,0000893813
517924106-10-K-20000330.txt,0000879301
778303206-10-K-20001013.txt,0000873594
876664103-10-K-20000324.txt,0000890319
758075402-10-K-20000328.txt,0000930236
294703103-10-K-20000317.txt,0000916530
204149108-10-K-20000324.txt,0000350852
14040M104-10-K-20000530.txt,0000813945
218868107-10-K-20000918.txt,0001066134
03814L103-10-K-20000320.txt,0000816568
038505301-10-K-20000301.txt,0001013238
74955J108-10-K-20000328.txt,0000906408
449518307-10-K-20000928.txt,0000792861
92552X106-10-K-20000330.txt,0001016601
754459105-10-K-20001213.txt,0000921915
08860E309-10-K-20000405.txt,0001060531
171117104-10-K-20000329.txt,0000884130
206156200-10-K-20000830.txt,0000831861
911163103-10-K-20001027.txt,0001020859
127687101-10-K-20000329.txt,0001070794
232560102-10-K-20000322.txt,0000870755
45764F305-10-K-20000330.txt,0000897795
449394105-10-K-20000317.txt,0000822206
709754105-10-K-20000321.txt,0001047188
05564T103-10-K-20000328.txt,0000812150
44107P104-10-K-20000316.txt,0001070750
36229U102-10-K-20000322.txt,0001076930
89621J100-10-K-20000928.txt,0000863896
87242T101-10-K-20000331.txt,0000942378
201647104-10-K-20000928.txt,0000744778
87970T208-10-K-20001227.txt,0000915324
862111200-10-K-20000310.txt,0000094673
716016100-10-K-20000413.txt,0000888455
363547100-10-K-20000310.txt,0001039300
G02208109-10-K-20000330.txt,0001043309
480838101-10-K-20000428.txt,0000920033
095180105-10-K-20000302.txt,0001001606
517923108-10-K-20000330.txt,0000875738
536797103-10-K-20000330.txt,0001023128
028740108-10-K-20001212.txt,0000350832
554153106-10-K-20000330.txt,0001038280
228903100-10-K-20000330.txt,0000784199
22160N109-10-K-20000329.txt,0001057352
46088S106-10-K-20000315.txt,0001059341
76009N100-10-K-20000323.txt,0000933036
228890109-10-K-20001220.txt,0000098544
49455P101-10-K-20000327.txt,0000054502
140475104-10-K-20000330.txt,0001043000
943315101-10-K-20000330.txt,0000105076
75968L105-10-K-20000309.txt,0001030484
903469104-10-K-20000330.txt,0001064710
125906107-10-K-20000322.txt,0000020629
027118108-10-K-20000330.txt,0000804138
761525500-10-K-20000330.txt,0000887921
98975F101-10-K-20000330.txt,0001003022
875465106-10-K-20000330.txt,0000899715
759548100-10-K-20000330.txt,0000936653
09069N108-10-K-20000330.txt,0001014739
889073102-10-K-20000228.txt,0000098559
86211A101-10-K-20000414.txt,0000933452
776696106-10-K-20000127.txt,0000882835
458738101-10-K-20000414.txt,0001037649
457647105-10-K-20001215.txt,0000050601
124830100-10-K-20000329.txt,0000910612
76028H100-10-K-20000330.txt,0000897075
09057G602-10-K-20000131.txt,0000792641
847705100-10-K-20000810.txt,0000949301
344820105-10-K-20000128.txt,0000037914
654086107-10-K-20000320.txt,0000072020
591398102-10-K-20000328.txt,0000203200
20602T106-10-K-20000307.txt,0000811640
453235103-10-K-20000331.txt,0000109831
29273R109-10-K-20001129.txt,0001012569
010196103-10-K-20000330.txt,0000902600
36238T104-10-K-20000403.txt,0000904973
696077304-10-K-20001003.txt,0000911216
498782101-10-K-20000915.txt,0000056362
043168103-10-K-20000228.txt,0000007623
015271109-10-K-20000329.txt,0001035443
590441101-10-K-20000330.txt,0001069546
907834105-10-K-20000327.txt,0000949061
577933104-10-K-20001227.txt,0001032220
67018N108-10-K-20000414.txt,0000075448
231461104-10-K-20000829.txt,0001063251
004383303-10-K-20000414.txt,0000888335
313148108-10-K-20000317.txt,0000845877
923351100-10-K-20000315.txt,0000747605
00847J105-10-K-20000629.txt,0000078749
488035106-10-K-20000330.txt,0000918275
741593107-10-K-20000329.txt,0000904816
02744X104-10-K-20000330.txt,0000874388
45765U103-10-K-20000330.txt,0000932696
74973W107-10-K-20000329.txt,0001068717
683755102-10-K-20000320.txt,0000911673
816074405-10-K-20000330.txt,0000750813
78464M106-10-K-20000328.txt,0001016470
84265V105-10-K-20000315.txt,0001001838
65332H203-10-K-20000330.txt,0000864009
029899101-10-K-20000321.txt,0001056903
387328107-10-K-20000330.txt,0000861459
594972408-10-K-20000413.txt,0001050446
268423100-10-K-20000321.txt,0001047947
913201109-10-K-20000330.txt,0000944725
040282105-10-K-20000316.txt,0000879986
87951V206-10-K-20000829.txt,0000928659
45865R208-10-K-20000330.txt,0001072765
38119T104-10-K-20000329.txt,0000903571
92932Q102-10-K-20001121.txt,0000104897
681936100-10-K-20000125.txt,0000888491
556269108-10-K-20000328.txt,0000913241
00087B101-10-K-20000530.txt,0000711307
966612103-10-K-20000328.txt,0000106926
458751104-10-K-20000324.txt,0000828146
34965T108-10-K-20000330.txt,0000067199
53632B100-10-K-20000629.txt,0001082456
462028101-10-K-20000928.txt,0001041652
545731200-10-K-20000330.txt,0000946815
222862104-10-K-20000329.txt,0001054833
218683100-10-K-20000329.txt,0001026655
251893103-10-K-20000927.txt,0000730464
42217K106-10-K-20000320.txt,0000766704
115660201-10-K-20000322.txt,0000014803
093538106-10-K-20000928.txt,0000895477
400095204-10-K-20000928.txt,0000216039
16411R208-10-K-20000329.txt,0000003570
831683107-10-K-20000313.txt,0000875751
87426R202-10-K-20000323.txt,0000948545
283677854-10-K-20000322.txt,0000031978
566605101-10-K-20000330.txt,0000808493
60851C107-10-K-20000328.txt,0001003113
252165105-10-K-20000315.txt,0000028582
784460107-10-K-20000330.txt,0000932129
100582105-10-K-20000330.txt,0001012887
778296103-10-K-20000428.txt,0000745732
68370M100-10-K-20000330.txt,0000926019
062540109-10-K-20000302.txt,0000046195
641147103-10-K-20000403.txt,0000888028
966837106-10-K-20001222.txt,0000865436
915289102-10-K-20000314.txt,0000716039
037347101-10-K-20000330.txt,0001047884
18051W109-10-K-20000330.txt,0001056880
22764E109-10-K-20000330.txt,0000911644
904677101-10-K-20000925.txt,0000100726
632347100-10-K-20000626.txt,0000069733
713448108-10-K-20000321.txt,0000077476
628782104-10-K-20001227.txt,0000070793
89388T101-10-K-20000218.txt,0000906114
64120L104-10-K-20000712.txt,0001002047
220406102-10-K-20000330.txt,0001028285
871503108-10-K-20000626.txt,0000849399
894692300-10-K-20000330.txt,0000883946
606925105-10-K-20000928.txt,0001025148
87156R109-10-K-20000324.txt,0000884939
029595105-10-K-20000329.txt,0000744825
003712304-10-K-20000222.txt,0000826411
221005101-10-K-20000330.txt,0000882100
489399204-10-K-20000330.txt,0000885720
681974309-10-K-20000330.txt,0001020579
595137100-10-K-20001221.txt,0000310568
957547102-10-K-20000121.txt,0000796502
894065101-10-K-20000330.txt,0000944739
88553W204-10-K-20000629.txt,0000898441
19419B100-10-K-20000329.txt,0001012270
464268101-10-K-20001025.txt,0000773730
133034108-10-K-20000330.txt,0000750686
833719107-10-K-20000329.txt,0000937603
87161L105-10-K-20000330.txt,0000758830
018772103-10-K-20000907.txt,0000939930
105755201-10-K-20000414.txt,0000914537
761557107-10-K-20001229.txt,0000078536
291641108-10-K-20000321.txt,0000032689
485808109-10-K-20000331.txt,0001037067
817265101-10-K-20000928.txt,0000088974
284560109-10-K-20000412.txt,0001043236
04033M104-10-K-20000330.txt,0000911167
006847107-10-K-20000330.txt,0001017648
902938109-10-K-20000328.txt,0000946816
770539203-10-K-20000329.txt,0000868635
404429102-10-K-20000330.txt,0000891285
58469J100-10-K-20000410.txt,0001016134
69344F106-10-K-20000320.txt,0000767920
126136100-10-K-20000329.txt,0000814258
25269L106-10-K-20000629.txt,0000924940
88033K101-10-K-20000328.txt,0000804731
042260109-10-K-20000331.txt,0000845752
921930103-10-K-20000829.txt,0000877273
400764106-10-K-20000310.txt,0001058867
872226105-10-K-20000328.txt,0001000227
743977100-10-K-20000309.txt,0001044942
590787107-10-K-20000329.txt,0001017829
230800104-10-K-20000414.txt,0000882087
037023108-10-K-20000329.txt,0001050112
049079205-10-K-20000329.txt,0000879585
302056106-10-K-20000322.txt,0001015854
637277104-10-K-20000331.txt,0000910655
671767101-10-K-20001228.txt,0000082409
269246104-10-K-20001109.txt,0001015780
68267P109-10-K-20000330.txt,0001075530
92857V102-10-K-20000327.txt,0000949491
782233100-10-K-20000329.txt,0000739878
407013101-10-K-20000414.txt,0000894172
125965103-10-K-20000428.txt,0001051848
36225V104-10-K-20000414.txt,0000070415
74144P502-10-K-20000329.txt,0000929647
98142V104-10-K-20000329.txt,0000949240
909919102-10-K-20000330.txt,0001011309
46062R108-10-K-20000330.txt,0000898777
514614106-10-K-20000329.txt,0000768162
954235107-10-K-20000330.txt,0000912833
747525103-10-K-20001103.txt,0000804328
032345100-10-K-20000330.txt,0000780118
172755100-10-K-20000623.txt,0000772406
243593308-10-K-20000714.txt,0000743029
591002100-10-K-20000330.txt,0001000015
697934305-10-K-20000518.txt,0001036283
657201109-10-K-20000330.txt,0000856573
879101103-10-K-20000330.txt,0000790705
004319109-10-K-20000414.txt,0001048422
957541105-10-K-20000629.txt,0001002135
826619405-10-K-20000330.txt,0000105107
024937104-10-K-20000329.txt,0000817473
00753T105-10-K-20000628.txt,0000814580
594960106-10-K-20000330.txt,0000065770
667328108-10-K-20000928.txt,0001042064
910331107-10-K-20000330.txt,0000101199
732449301-10-K-20000329.txt,0000755806
203900105-10-K-20000330.txt,0000022701
629294109-10-K-20000414.txt,0001017259
039793104-10-K-20000327.txt,0001013794
46145F105-10-K-20000328.txt,0000920424
531927101-10-K-20000329.txt,0000849448
806882106-10-K-20001129.txt,0000912603
365476100-10-K-20001226.txt,0000859735
019330109-10-K-20000921.txt,0000046129
247918105-10-K-20000331.txt,0001021848
670712108-10-K-20000403.txt,0000099047
876031204-10-K-20000414.txt,0000891504
075571109-10-K-20000928.txt,0001059272
775369101-10-K-20001130.txt,0001023184
45031U101-10-K-20000330.txt,0001095651
600404107-10-K-20000922.txt,0000791905
147448104-10-K-20000804.txt,0000911177
88553X103-10-K-20000501.txt,0001010026
192861102-10-K-20000627.txt,0000918653
017753104-10-K-20000320.txt,0000003753
576901102-10-K-20000119.txt,0000837339
927926303-10-K-20000329.txt,0000783324
204682108-10-K-20000627.txt,0000720031
029429107-10-K-20000629.txt,0000005768
361086101-10-K-20000324.txt,0000054441
405191206-10-K-20001219.txt,0000888781
248239105-10-K-20000330.txt,0000880321
919794107-10-K-20000301.txt,0000714310
441560109-10-K-20000328.txt,0000048638
31430F101-10-K-20000330.txt,0000923603
739128106-10-K-20000128.txt,0000080420
644312100-10-K-20000329.txt,0001028339
705573103-10-K-20000403.txt,0001013857
584949101-10-K-20000329.txt,0000884497
775043102-10-K-20001222.txt,0001019361
595232109-10-K-20000323.txt,0000909298
300645108-10-K-20000622.txt,0000753568
125960104-10-K-20000307.txt,0001038005
909205106-10-K-20000308.txt,0000100122
237690102-10-K-20000327.txt,0000351998
806857108-10-K-20000330.txt,0000087347
685559304-10-K-20000330.txt,0000074818
481271104-10-K-20000329.txt,0001022893
58505C101-10-K-20000329.txt,0000819939
420261109-10-K-20001227.txt,0000046250
713839108-10-K-20000315.txt,0000077543
872549100-10-K-20000830.txt,0001010610
830830105-10-K-20000804.txt,0000090896
60886R103-10-K-20000331.txt,0000910619
189873102-10-K-20000330.txt,0000021212
961815107-10-K-20000330.txt,0000771950
741620108-10-K-20000330.txt,0001011255
844741108-10-K-20000328.txt,0000092380
315616102-10-K-20001213.txt,0001048695
878311109-10-K-20000329.txt,0000805054
152317103-10-K-20000121.txt,0000877908
587188103-10-K-20000628.txt,0000064892
293637401-10-K-20000530.txt,0000846909
79604V105-10-K-20000418.txt,0000914478
072611106-10-K-20000613.txt,0001048767
683399109-10-K-20000327.txt,0001012140
69341D104-10-K-20000330.txt,0000879682
860370105-10-K-20000127.txt,0000878522
641143102-10-K-20000329.txt,0001005974
459902102-10-K-20001218.txt,0000353944
452439201-10-K-20000627.txt,0000216324
827066101-10-K-20001228.txt,0000712752
416592103-10-K-20000324.txt,0001032204
750438103-10-K-20000324.txt,0000096289
896928108-10-K-20000329.txt,0000920691
637657206-10-K-20001106.txt,0000070538
652228107-10-K-20000329.txt,0001025361
127097103-10-K-20000322.txt,0000858470
451055107-10-K-20000501.txt,0000857737
253651103-10-K-20000306.txt,0000028823
221492101-10-K-20000327.txt,0000851368
318522307-10-K-20000330.txt,0000036047
591520200-10-K-20000728.txt,0000065270
456314103-10-K-20000414.txt,0000004187
922206107-10-K-20001207.txt,0001079028
388690109-10-K-20000329.txt,0000892793
74283P206-10-K-20000330.txt,0000824740
30242M106-10-K-20000413.txt,0000811863
256669102-10-K-20000427.txt,0000029534
456836105-10-K-20001013.txt,0000890152
42805E108-10-K-20000324.txt,0001038133
090324104-10-K-20000327.txt,0000722808
197231103-10-K-20000330.txt,0001010002
589849306-10-K-20000331.txt,0000724941
386532303-10-K-20000630.txt,0000316236
64124E106-10-K-20000330.txt,0000849043
156782104-10-K-20000329.txt,0000804753
905399101-10-K-20000330.txt,0000883948
895925105-10-K-20000329.txt,0000911631
826170102-10-K-20000329.txt,0001006835
45004F107-10-K-20000330.txt,0001044979
989701107-10-K-20000330.txt,0000109380
01923A109-10-K-20000113.txt,0000890634
44919P300-10-K-20000302.txt,0000891103
374276103-10-K-20000330.txt,0001047202
026862102-10-K-20000329.txt,0000724533
171779309-10-K-20001207.txt,0000936395
592688105-10-K-20000324.txt,0001037646
159420306-10-K-20000330.txt,0000019252
871829107-10-K-20000927.txt,0000096021
45678T201-10-K-20000330.txt,0001068875
482227105-10-K-20000403.txt,0001057412
447309105-10-K-20000330.txt,0001053811
827056102-10-K-20000920.txt,0000802301
64110P107-10-K-20000320.txt,0000840824
943526301-10-K-20000322.txt,0000919013
637640103-10-K-20000803.txt,0000070530
741597108-10-K-20000320.txt,0001019265
00757T101-10-K-20000328.txt,0000351721
292970100-10-K-20001229.txt,0001051286
29382J105-10-K-20000320.txt,0000808918
004403101-10-K-20000927.txt,0000849116
268255106-10-K-20000928.txt,0000031660
866011109-10-K-20000327.txt,0000745344
038399101-10-K-20000414.txt,0000920854
47012E106-10-K-20000330.txt,0001009829
058516105-10-K-20000330.txt,0000946454
01877H100-10-K-20000630.txt,0000913293
888289105-10-K-20000314.txt,0001024645
981907108-10-K-20000330.txt,0000892604
177376100-10-K-20000323.txt,0000877890
701645103-10-K-20000714.txt,0000802356
583538103-10-K-20001228.txt,0000064463
90328Q108-10-K-20000330.txt,0000911012
929328102-10-K-20000330.txt,0000828944
200080109-10-K-20000428.txt,0000022252
92047K107-10-K-20000501.txt,0000870826
87538X105-10-K-20000328.txt,0000909724
92343P107-10-K-20000927.txt,0000028866
210226106-10-K-20000316.txt,0000023795
263572109-10-K-20000928.txt,0000929546
291575108-10-K-20000927.txt,0000032666
582266102-10-K-20000330.txt,0000919943
709789101-10-K-20000320.txt,0000318300
743411100-10-K-20000414.txt,0001016965
458771102-10-K-20000828.txt,0000351012
595072109-10-K-20000330.txt,0000827230
814785309-10-K-20000414.txt,0000318673
636380107-10-K-20001027.txt,0000728389
154647101-10-K-20000323.txt,0000854094
747582104-10-K-20000628.txt,0000708818
747277101-10-K-20000630.txt,0000918386
225270107-10-K-20000313.txt,0000857121
17453B101-10-K-20000323.txt,0000020520
015869100-10-K-20000330.txt,0000924862
384109104-10-K-20000330.txt,0000042888
891092108-10-K-20000125.txt,0000737758
878727304-10-K-20000627.txt,0000741556
04651M204-10-K-20000629.txt,0001002607
815677109-10-K-20000330.txt,0000764843
03937R102-10-K-20000309.txt,0001072343
302526108-10-K-20000330.txt,0000742679
020813101-10-K-20000329.txt,0000730469
44043J204-10-K-20000330.txt,0001051431
45254R108-10-K-20000330.txt,0001036615
025533407-10-K-20000330.txt,0000742126
381370105-10-K-20000315.txt,0000042316
001055102-10-K-20000327.txt,0000004977
125577106-10-K-20000328.txt,0000020388
91529Y106-10-K-20000330.txt,0000005513
94106L109-10-K-20000330.txt,0000823768
461120107-10-K-20000927.txt,0000803227
44913S508-10-K-20000315.txt,0000745774
12613U107-10-K-20000324.txt,0001063918
910741107-10-K-20000329.txt,0000868196
603158106-10-K-20000317.txt,0000891014
640509105-10-K-20000622.txt,0001072978
69830E209-10-K-20000327.txt,0001022911
902673102-10-K-20000322.txt,0000914156
M47095100-10-K-20000330.txt,0001054836
879516102-10-K-20000330.txt,0000832175
71343P200-10-K-20000315.txt,0001084230
121362107-10-K-20000331.txt,0000015486
014384200-10-K-20000330.txt,0000902272
211615307-10-K-20000330.txt,0000024104
80517Q100-10-K-20000330.txt,0000722104
817565104-10-K-20000330.txt,0000089089
770810109-10-K-20000824.txt,0000276747
524477106-10-K-20000411.txt,0000775662
83545G102-10-K-20000330.txt,0001043509
158520106-10-K-20000128.txt,0000019149
294749106-10-K-20000302.txt,0000033325
77957X108-10-K-20000316.txt,0001074676
740065107-10-K-20000321.txt,0000311657
595017104-10-K-20000607.txt,0000827054
054527205-10-K-20000607.txt,0001013787
730715109-10-K-20000306.txt,0001002813
718333107-10-K-20000330.txt,0001050686
255153108-10-K-20000330.txt,0000779226
150937100-10-K-20000417.txt,0001035118
231561101-10-K-20000320.txt,0000026324
00724F101-10-K-20000216.txt,0000796343
260543103-10-K-20000322.txt,0000029915
302051107-10-K-20000629.txt,0000813781
84762L105-10-K-20001219.txt,0001028985
451724108-10-K-20000714.txt,0001042291
228219101-10-K-20000329.txt,0000025885
829909209-10-K-20000323.txt,0001007800
418365102-10-K-20000614.txt,0001054579
59517M103-10-K-20000329.txt,0000065781
552074106-10-K-20000308.txt,0001095996
269305207-10-K-20000901.txt,0000727008
144285103-10-K-20000926.txt,0000017843
001303106-10-K-20000928.txt,0000837038
243537107-10-K-20000330.txt,0000910521
72811K103-10-K-20001113.txt,0000945276
867910101-10-K-20000928.txt,0000720577
29255U104-10-K-20000330.txt,0001039690
523768109-10-K-20001227.txt,0000058361
032095101-10-K-20000329.txt,0000820313
50419U202-10-K-20000229.txt,0000314661
038197109-10-K-20000802.txt,0001040660
725848105-10-K-20000921.txt,0000718332
53222Q103-10-K-20000330.txt,0000874396
505754200-10-K-20000224.txt,0000814250
958102105-10-K-20000928.txt,0000106040
125761304-10-K-20000414.txt,0000021157
721596104-10-K-20000630.txt,0001063921
04033A100-10-K-20000328.txt,0000884731
45254P102-10-K-20000321.txt,0001000298
973149107-10-K-20000428.txt,0000833829
266354109-10-K-20000330.txt,0000799903
695112102-10-K-20000330.txt,0001027974
338490204-10-K-20001221.txt,0000037358
88409U105-10-K-20000329.txt,0000021438
253675201-10-K-20000927.txt,0000947661
591324108-10-K-20000330.txt,0001038363
891511107-10-K-20000928.txt,0000803058
78440X101-10-K-20000316.txt,0001040971
189093107-10-K-20000330.txt,0001016006
74838C106-10-K-20000128.txt,0000805305
590479101-10-K-20000121.txt,0000810332
410768105-10-K-20000330.txt,0000909413
42210P102-10-K-20001221.txt,0001003344
903899102-10-K-20000927.txt,0000875657
640901203-10-K-20000329.txt,0000726714
986632107-10-K-20000330.txt,0001007084
36933P100-10-K-20000225.txt,0001029456
286199203-10-K-20000328.txt,0000899849
749227104-10-K-20000330.txt,0001045425
55265B109-10-K-20000330.txt,0001018913
589658103-10-K-20001025.txt,0000095676
801378100-10-K-20000329.txt,0000863483
780287108-10-K-20000928.txt,0000085535
170040109-10-K-20000310.txt,0000706539
03232P405-10-K-20000330.txt,0000895930
854305208-10-K-20000204.txt,0000797465
14983Y107-10-K-20000330.txt,0001000779
00206P106-10-K-20000417.txt,0001054000
102595105-10-K-20000501.txt,0001020898
374508109-10-K-20000327.txt,0000856465
302367107-10-K-20000317.txt,0000736473
882673106-10-K-20000314.txt,0000787648
681977104-10-K-20000331.txt,0001050122
576853105-10-K-20000817.txt,0000866273
104499108-10-K-20000427.txt,0000887356
699157103-10-K-20000330.txt,0000750561
653349407-10-K-20000330.txt,0000710976
16867C101-10-K-20000330.txt,0000846871
832653109-10-K-20000329.txt,0000941914
486665102-10-K-20000330.txt,0000054883
181512104-10-K-20000928.txt,0000805370
367278108-10-K-20001226.txt,0000918647
759148109-10-K-20000329.txt,0000812191
50540R409-10-K-20000317.txt,0000920148
552690109-10-K-20000303.txt,0000067716
909907107-10-K-20000328.txt,0000729986
020787107-10-K-20000330.txt,0001002132
12525K106-10-K-20000121.txt,0000849323
055921100-10-K-20000629.txt,0000835729
005313200-10-K-20000103.txt,0000313798
68162K106-10-K-20000320.txt,0000917470
00753B104-10-K-20000330.txt,0000795445
690768403-10-K-20000330.txt,0000812074
46589C204-10-K-20000329.txt,0001035181
09060P102-10-K-20000330.txt,0000747952
25614R105-10-K-20000330.txt,0001016831
847615101-10-K-20000228.txt,0000092769
927649103-10-K-20000504.txt,0000922814
137798104-10-K-20000929.txt,0000930795
81413P204-10-K-20000328.txt,0000923687
20338K106-10-K-20000330.txt,0000727634
004296109-10-K-20000728.txt,0000887614
125180109-10-K-20000330.txt,0000944627
148710106-10-K-20000419.txt,0000792570
806407102-10-K-20000324.txt,0001000228
125137109-10-K-20000331.txt,0000813920
550274104-10-K-20000329.txt,0001001289
74112E109-10-K-20000330.txt,0000830656
615799103-10-K-20000331.txt,0000074691
043339100-10-K-20000321.txt,0000007636
94973H108-10-K-20000328.txt,0001013220
629156407-10-K-20000317.txt,0000072162
600544100-10-K-20000821.txt,0000066382
258006204-10-K-20000414.txt,0000029693
233044106-10-K-20000310.txt,0001010138
88077T109-10-K-20000330.txt,0000316672
42330P107-10-K-20000330.txt,0000866829
279434104-10-K-20000919.txt,0000929037
868607102-10-K-20000321.txt,0000350846
445591100-10-K-20000228.txt,0000049146
685564106-10-K-20000419.txt,0000820736
805468105-10-K-20001113.txt,0001009675
524660107-10-K-20000329.txt,0000058492
131380503-10-K-20000229.txt,0000717216
74437C101-10-K-20000322.txt,0000940716
958259103-10-K-20000314.txt,0000856716
222372104-10-K-20000530.txt,0000025191
74756P105-10-K-20000125.txt,0000917126
95988E204-10-K-20000320.txt,0000930738
365199108-10-K-20001013.txt,0001085818
500600101-10-K-20000330.txt,0000771266
268248101-10-K-20000424.txt,0000917471
140667106-10-K-20000330.txt,0001063880
561240201-10-K-20000330.txt,0000837759
83586Q209-10-K-20000504.txt,0000812491
404235103-10-K-20000330.txt,0000756680
004816104-10-K-20000330.txt,0000002098
298736109-10-K-20000314.txt,0001029199
671040103-10-K-20001219.txt,0000729922
628916108-10-K-20001221.txt,0000745026
630075109-10-K-20000218.txt,0001030339
552885105-10-K-20000228.txt,0000068330
139733109-10-K-20000321.txt,0001049316
640491106-10-K-20000814.txt,0000711377
452525306-10-K-20000330.txt,0000811641
132618109-10-K-20000330.txt,0000016614
343258109-10-K-20001229.txt,0001123276
465266104-10-K-20000330.txt,0000731190
04878P105-10-K-20000330.txt,0000912609
625367107-10-K-20000330.txt,0001061310
44041U102-10-K-20000308.txt,0001060744
690113105-10-K-20000818.txt,0000867490
365235100-10-K-20001229.txt,0000942133
50540L105-10-K-20000324.txt,0000830158
866057102-10-K-20000323.txt,0000856223
97652L100-10-K-20000330.txt,0001005504
252529102-10-K-20000330.txt,0000201653
345370860-10-K-20000316.txt,0000037996
218916104-10-K-20000928.txt,0001024338
001296102-10-K-20000328.txt,0001030740
92534N101-10-K-20000830.txt,0001020996
605203108-10-K-20000330.txt,0001067419
983922105-10-K-20001204.txt,0000883905
045487105-10-K-20000323.txt,0000007789
590479101-10-K-20001229.txt,0000810332
46057T408-10-K-20000330.txt,0000841693
42722X106-10-K-20000317.txt,0001046025
36227K106-10-K-20000331.txt,0000944480
775741101-10-K-20001207.txt,0000084244
651426108-10-K-20000324.txt,0000751976
854910403-10-K-20000629.txt,0000911577
277276101-10-K-20000317.txt,0000049600
86859F107-10-K-20000927.txt,0000872867
339756108-10-K-20000530.txt,0000910468
118230101-10-K-20000322.txt,0000805022
371532102-10-K-20000428.txt,0000018498
528932106-10-K-20000403.txt,0001001540
59000K309-10-K-20000204.txt,0000808219
75966V105-10-K-20000331.txt,0000919567
232565101-10-K-20000330.txt,0001005230
032092306-10-K-20000330.txt,0000887433
319734109-10-K-20000331.txt,0000714719
462070103-10-K-20000928.txt,0000879911
320867104-10-K-20000301.txt,0000702325
832727101-10-K-20000314.txt,0000919226
46588H105-10-K-20000330.txt,0001074767
86736F106-10-K-20000419.txt,0000899240
458865201-10-K-20000830.txt,0000859307
397624107-10-K-20000128.txt,0000043920
191042100-10-K-20000329.txt,0000030828
74731K106-10-K-20000927.txt,0000912465
199908104-10-K-20000316.txt,0001035983
038236105-10-K-20000927.txt,0000912842
02520N106-10-K-20000331.txt,0001065645
948741103-10-K-20000317.txt,0000828916
205638109-10-K-20000626.txt,0000859014
162672109-10-K-20000330.txt,0001076411
898697107-10-K-20000330.txt,0000909494
719132102-10-K-20000413.txt,0000925779
02516B108-10-K-20000324.txt,0000949112
318457108-10-K-20000928.txt,0001017907
038237103-10-K-20000128.txt,0000741696
45255G101-10-K-20000330.txt,0001003114
892721101-10-K-20000310.txt,0001000297
904034105-10-K-20000327.txt,0000909791
080162100-10-K-20000414.txt,0000726294
066442104-10-K-20000317.txt,0000824719
937303105-10-K-20000329.txt,0001058690
942749102-10-K-20000317.txt,0000795403
893929208-10-K-20000330.txt,0000858452
368473104-10-K-20000330.txt,0000922810
269279204-10-K-20000322.txt,0000316300
13741M108-10-K-20000328.txt,0001022820
891490302-10-K-20000330.txt,0000074091
704718105-10-K-20000330.txt,0001036992
695934109-10-K-20000321.txt,0000910032
59523C107-10-K-20000329.txt,0000805037
501938104-10-K-20000329.txt,0001032330
470457102-10-K-20000330.txt,0000914373
37936S109-10-K-20001222.txt,0000933020
038196101-10-K-20001208.txt,0000874389
151020104-10-K-20000330.txt,0000816284
835397100-10-K-20000330.txt,0001026405
228227104-10-K-20000330.txt,0001051470
868059106-10-K-20000316.txt,0000919722
680033107-10-K-20000315.txt,0000707179
153435102-10-K-20000330.txt,0001046880
888910205-10-K-20000515.txt,0000885546
894917103-10-K-20000330.txt,0001021252
863451100-10-K-20000524.txt,0000927760
026651109-10-K-20001013.txt,0000922812
85375C101-10-K-20000322.txt,0000878560
878409101-10-K-20001229.txt,0000096699
00207R101-10-K-20000302.txt,0001041577
759930100-10-K-20000330.txt,0000920052
743112104-10-K-20000331.txt,0000700914
52324W109-10-K-20000918.txt,0000943580
004933107-10-K-20001229.txt,0000892147
708167101-10-K-20000925.txt,0000920945
885535104-10-K-20000817.txt,0000738076
267888105-10-K-20000330.txt,0000034067
784178105-10-K-20000330.txt,0001051253
896106101-10-K-20000330.txt,0000921549
29380T105-10-K-20000331.txt,0001045450
628351108-10-K-20000330.txt,0000826918
238128102-10-K-20000731.txt,0000768119
151895109-10-K-20000323.txt,0000912893
90328M107-10-K-20000331.txt,0000896264
926734401-10-K-20000330.txt,0001042185
300691201-10-K-20000330.txt,0001014955
925817108-10-K-20000121.txt,0000703799
31942D107-10-K-20000331.txt,0000840489
190345108-10-K-20000330.txt,0000728303
034393108-10-K-20000308.txt,0000006494
421933102-10-K-20001222.txt,0000792985
252826102-10-K-20000330.txt,0000779282
