,filename,CENTRAL INDEX KEY:,index,symbol,year,high,low,close_adjusted_x,close_adjusted_y
0,74762E102-10-K-20010402.txt,1050915,1930,1050915,2001,23.674193548387088,22.47866935483872,23.10842741935483,8.728928571428572
1,206710204-10-K-2001-09-19.txt,749038,437,749038,2001,9.006995967741934,8.240572580645157,52.8573262096774,36.25607658730159
2,846819100-10-K-20010322.txt,743238,2169,743238,2001,3.957883064516128,3.7144112903225786,1.272502016129032,3.4944444444444445
3,78388J106-10-K-20010402.txt,1034054,2053,1034054,2001,22.437056451612914,20.915927419354844,21.620443548387094,2.5253821428571444
4,871851101-10-K-20010330.txt,945114,2243,945114,2001,2.134947580645163,1.951336693548387,1.5286419354838707,1.6893575396825384
5,518439104-10-K-2001-09-17.txt,1001250,770,1001250,2001,38.31564516129031,37.246129032258075,14.852897177419354,12.500707539682528
6,371901109-10-K-20010313.txt,355811,1013,355811,2001,26.94000000000001,25.85588709677421,4.772869354838711,5.2964686507936465
7,60740F105-10-K-20010228.txt,911109,1494,911109,2001,29.742338709677423,28.52580645161293,13.286943145161295,9.853903174603174
8,057755100-10-K-20010327.txt,9346,371,9346,2001,23.448629032258058,22.56725806451613,8.127548387096772,8.356537698412698
9,904677101-10-K-2001-09-21.txt,100726,2383,100726,2001,7.959383064516131,7.55414516129033,23.339576612903233,23.488452380952406
10,032657207-10-K-20011026.txt,6284,93,6284,2001,41.67100806451607,39.81508064516129,36.37245241935486,38.89144246031747
11,68243Q106-10-K-20011001.txt,1084869,916,1084869,2001,10.285883064516133,9.714330645161297,10.048411290322584,10.378456349206347
12,671044105-10-K-2001-09-28.txt,1039065,1771,1039065,2001,7.3829677419354915,6.762169354838713,7.057673387096787,19.144285714285697
13,14052H506-10-K-20010402.txt,1061630,373,1061630,2001,5.225068548387099,5.140661290322581,18.879239516129037,17.987689682539674
14,05367P100-10-K-20010326.txt,896841,210,896841,2001,13.622439516129026,12.822217741935484,13.3413991935484,12.147309523809529
15,835898107-10-K-20010315.txt,823094,288,823094,2001,18.403387096774203,17.75850806451613,14.359758064516132,9.562145238095242
16,32020R109-10-K-20010329.txt,36029,893,36029,2001,32.17794354838709,31.326612903225808,3.6890278225806457,4.765278174603176
17,91911X104-10-K-20010402.txt,930184,2485,930184,2001,43.97411290322579,42.42072580645157,27.46600806451612,22.580005952380944
18,115660201-10-K-20010313.txt,14803,2253,14803,2001,4.237157258064515,3.9672177419354817,4.115798387096772,6.704404761904762
19,556269108-10-K-20010330.txt,913241,2104,913241,2001,14.1410806451613,13.416512096774204,2.56364879032258,3.14025992063492
20,619903107-10-K-20011217.txt,896985,673,896985,2001,8.531048387096773,8.321290322580642,3.3857237903225808,11.519126190476193
21,636180101-10-K-20011217.txt,70145,1636,70145,2001,44.502016129032214,43.58133064516129,14.964218145161295,13.43375119047618
22,87233Q108-10-K-20010329.txt,1075607,2259,1075607,2001,24.125806451612906,23.433225806451613,7.476338306451615,8.62422539682539
23,890110109-10-K-20010402.txt,1005817,2311,1005817,2001,34.817943548387085,34.2615322580645,14.131098387096767,18.303145238095244
24,037347101-10-K-20010329.txt,1047884,130,1047884,2001,6.568028225806452,6.393802419354838,1.010485887096774,2.182801984126985
25,946760105-10-K-20010417.txt,945983,2550,945983,2001,3.773512096774192,3.585919354838708,1.6704766129032236,1.048734126984127
26,774515100-10-K-20010402.txt,895456,1963,895456,2001,5.225318548387096,5.041854838709677,4.464652419354841,5.084770634920635
27,345370860-10-K-20010322.txt,37996,858,37996,2001,23.77794354838712,23.047983870967737,15.188123790322587,8.879903968253961
28,90337L108-10-K-20010402.txt,885978,2430,885978,2001,18.675645161290323,17.136008064516126,13.0229306451613,13.374115476190472
29,466313103-10-K-20011128.txt,898293,1254,898293,2001,27.2175,25.34322580645163,21.501050403225822,15.99415
30,278878103-10-K-20011029.txt,809933,757,809933,2001,8.124866935483869,8.007600806451617,4.329978629032256,5.487061111111107
31,756764106-10-K-20010330.txt,1052595,2005,1052595,2001,6.176479838709676,6.120729838709678,6.15052822580645,6.53998015873016
32,313148108-10-K-20010326.txt,845877,65,845877,2001,32.44572580645158,31.735201612903236,24.23277056451613,25.686090476190483
33,917286106-10-K-20010129.txt,1029800,2371,1029800,2001,8.94092741935484,8.828064516129027,3.1145713709677416,4.2395452380952365
34,811699107-10-K-20010430.txt,1019671,2076,1019671,2001,21.992620967741928,20.274153225806455,21.21157258064517,11.776091269841269
35,92220P105-10-K-20011214.txt,203527,2441,203527,2001,68.06822580645162,66.08133064516133,14.823395564516131,18.747856349206344
36,55027E102-10-K-20010330.txt,1033905,1381,1033905,2001,20.55987903225807,19.32524193548388,19.7171870967742,8.314971825396817
37,86737U102-10-K-20010629.txt,96793,2199,96793,2001,2.1814919354838715,2.1198790322580634,2.155887096774193,3.525833333333334
38,913259107-10-K-20010322.txt,755001,2432,755001,2001,25.178427419354836,24.837056451612906,10.593380241935488,12.073382539682546
39,781270103-10-K-20010215.txt,1094392,2029,1094392,2001,38.78995967741932,35.95499999999999,37.36205645161288,24.46928571428571
40,472319102-10-K-20010330.txt,1084580,1262,1084580,2001,32.11818548387096,31.423830645161303,8.780116129032258,9.542802380952368
41,610236101-10-K-20010626.txt,876427,1521,876427,2001,12.116491935483875,11.806076612903233,3.1348012096774203,4.754959523809523
42,023586100-10-K-2001-07-02.txt,4457,2390,4457,2001,19.631693548387087,18.951814516129037,17.495290322580644,11.064630555555565
43,64125C109-10-K-20010330.txt,914475,1617,914475,2001,34.25326612903226,32.3230241935484,33.347459677419344,38.528055555555575
44,037032109-10-K-20010328.txt,1098972,63,1098972,2001,16.44568548387097,15.464435483870973,95.90516129032257,65.35338095238096
45,976657106-10-K-20010323.txt,783325,2511,783325,2001,22.36955645161289,21.890282258064524,6.710166129032255,7.602507936507942
46,50540R409-10-K-20010309.txt,920148,1369,920148,2001,108.02657258064522,103.6781451612903,37.5178197580645,36.84285753968256
47,156782104-10-K-20010330.txt,804753,454,804753,2001,49.36504032258063,46.806774193548364,6.0128427419354855,5.335301984126986
48,30049R100-10-K-20010323.txt,1052054,843,1052054,2001,2.9387056451612894,2.7176181451612904,2.415104435483872,0.5790551587301587
49,895927101-10-K-20010402.txt,30697,2513,30697,2001,24.950927419354826,24.59044354838708,4.490602016129033,4.760586111111112
50,62914B100-10-K-20010402.txt,1065332,766,1065332,2001,3.057516129032257,2.7424354838709646,1.846446370967742,1.6908321428571422
51,G81477104-10-K-2001-09-28.txt,1094005,2117,1094005,2001,1.9437258064516123,1.7693104838709668,1.846544354838709,2.2896547619047642
52,98156Q108-10-K-2001-07-27.txt,1091907,2563,1091907,2001,13.578629032258062,13.009475806451617,6.118576612903229,5.367071825396827
53,888706108-10-K-20010402.txt,1088825,2300,1088825,2001,49.910120967741925,46.0311693548387,46.18686129032264,17.946801984126992
54,25271C102-10-K-20010308.txt,949039,703,949039,2001,34.731572580645164,33.41185483870968,18.109947177419347,14.177154365079355
55,29362U104-10-K-20011123.txt,1101302,796,1101302,2001,10.002463709677423,9.35654838709678,9.66991048387098,11.170072619047618
56,50186A108-10-K-20010402.txt,61004,1367,61004,2001,27.689879032258077,27.35104838709677,27.45947580645161,12.79019841269842
57,312059108-10-K-20010330.txt,1083643,868,1083643,2001,20.21084677419356,20.085040322580646,5.630443145161286,8.308479365079368
58,42805E108-10-K-20010329.txt,1038133,1119,1038133,2001,1.0955326612903225,0.9836334677419352,10.139912903225804,6.696556746031744
59,603158106-10-K-20010322.txt,891014,1574,891014,2001,40.39548387096775,39.38596774193547,18.89964798387097,21.667541269841266
60,493144109-10-K-2001-09-12.txt,719733,1329,719733,2001,2.2937741935483875,2.098318548387096,2.2053427419354836,1.0870619047619043
61,74727A104-10-K-2001-08-29.txt,906465,1941,906465,2001,10.778306451612897,10.65717741935484,6.5381028225806475,8.570616269841274
62,74838J101-10-K-20010402.txt,353569,1942,353569,2001,5.2748306451612965,4.871395161290324,5.102616935483873,5.2536904761904735
63,44934S107-10-K-20010321.txt,749660,1148,749660,2001,2.112338709677418,1.9587500000000004,10.216532258064523,11.294642857142849
64,844741108-10-K-20010126.txt,92380,1409,92380,2001,19.91096774193548,19.240483870967747,17.195657258064518,15.285186507936515
65,251591103-10-K-20010402.txt,894315,664,894315,2001,16.837620967741927,16.535000000000004,6.917467338709682,9.585334523809523
66,401617105-10-K-20010402.txt,912463,985,912463,2001,7.015758064516136,6.684625000000001,2.2373568548387097,2.0435214285714283
67,927926303-10-K-20010330.txt,783324,2457,783324,2001,0.08905241935483857,0.07574274193548387,32.94483870967743,27.277896825396816
68,31787A101-10-K-2001-07-18.txt,1094739,928,1094739,2001,15.487483870967756,13.799318548387095,117.08696774193555,32.576349206349214
69,72919P103-10-K-20010330.txt,1093691,1866,1093691,2001,16.36939516129033,14.903024193548406,155.76544354838714,75.48682539682542
70,00971T101-10-K-20010212.txt,1086222,81,1086222,2001,10.47967338709678,9.298028225806453,9.827387096774194,2.2353015873015862
71,01988P108-10-K-20010402.txt,1124804,1459,1124804,2001,5.473504032258061,4.98124193548387,1.825603225806452,1.2770380952380955
72,92276F100-10-K-20010416.txt,740260,2491,740260,2001,10.21442741935484,9.969201612903227,3.7117572580645146,5.05015912698413
73,92230Y104-10-K-20010402.txt,1044777,2449,1044777,2001,3.89667741935484,3.5789516129032277,3.712282258064517,1.793146825396824
74,778296103-10-K-20010427.txt,745732,2020,745732,2001,25.350040322580647,24.302338709677414,2.5725116935483867,4.066457539682541
75,42722X106-10-K-20010320.txt,1046025,1073,1046025,2001,10.782625000000007,10.669592741935482,6.524127822580647,9.49524166666666
76,319383105-10-K-20010326.txt,314489,365,314489,2001,20.19770161290321,19.745282258064528,23.143227419354826,25.76976587301587
77,63934E108-10-K-20011219.txt,808450,1613,808450,2001,30.552379032258067,29.52254032258067,30.076943951612893,31.58539682539681
78,375558103-10-K-20010320.txt,882095,1003,882095,2001,56.32508064516125,52.988064516129036,2.94154556451613,3.995499603174602
79,957541105-10-K-2001-07-06.txt,1002135,2551,1002135,2001,2.625116935483871,2.356653225806452,9.931951612903225,6.445650793650794
80,369730106-10-K-20011121.txt,40570,1275,40570,2001,2.288959677419355,2.197733870967742,20.04175040322581,9.690171825396822
81,29266S106-10-K-20010329.txt,1013606,771,1013606,2001,4.00524193548387,3.630080645161289,3.8027822580645143,1.1791583333333338
82,917047102-10-K-20010416.txt,912615,2416,912615,2001,13.520762096774206,12.862794354838714,1.6559419354838705,3.3195087301587294
83,969904101-10-K-20010426.txt,719955,2547,719955,2001,31.816451612903208,30.348548387096766,11.80712338709677,19.131226984126986
84,050757103-10-K-20010228.txt,807707,2480,807707,2001,9.64035887096775,9.02072983870968,9.352040322580649,7.735194444444446
85,91359E105-10-K-20010328.txt,798783,2392,798783,2001,22.297741935483867,21.85604838709678,7.18860483870968,9.078916666666666
86,91529Y106-10-K-20010328.txt,5513,2407,5513,2001,28.153064516129014,27.35790322580645,20.307159677419342,17.651688492063503
87,01877R108-10-K-20010327.txt,1086600,158,1086600,2001,22.99233870967741,22.18955645161292,1.7823322580645178,2.043395634920634
88,55261F104-10-K-20010309.txt,36270,1560,36270,2001,72.28798387096772,70.95048387096777,47.186808870967766,53.7905658730159
89,127387108-10-K-20010329.txt,813672,440,813672,2001,22.73927419354837,21.627096774193557,22.212338709677425,16.54515873015873
90,744375205-10-K-20010327.txt,806517,1871,806517,2001,4.357137096774191,4.228608870967742,8.020573387096777,5.936817857142852
91,278715206-10-K-20010402.txt,814549,744,814549,2001,1.1912713709677412,1.0962072580645157,0.9438725806451612,0.4389313492063492
92,87538X105-10-K-20010330.txt,909724,2305,909724,2001,1.6968790322580631,1.6414798387096765,1.2920673387096782,2.3040726190476186
93,219023108-10-K-20010327.txt,1046257,1198,1046257,2001,29.240766129032263,28.592862903225807,5.5952350806451605,5.886453571428567
94,960878106-10-K-20010402.txt,106455,2528,106455,2001,14.35864112903225,13.843939516129035,14.12388306451612,12.755753968253966
95,630402105-10-K-2001-09-28.txt,69633,1679,69633,2001,5.151362903225806,4.992560483870964,0.9395927419354844,1.375643253968254
96,518415104-10-K-20010326.txt,855658,1399,855658,2001,22.265161290322595,20.871895161290325,21.571290322580662,11.628166666666651
97,G23773107-10-K-20010402.txt,928340,634,928340,2001,9.754725806451617,9.381346774193547,1.611867741935484,2.3716686507936515
98,928703107-10-K-20010131.txt,103872,2464,103872,2001,17.537943548387098,17.081733870967742,11.530052822580647,12.11624404761904
99,482564101-10-K-20011024.txt,1028215,1310,1028215,2001,3.333568548387096,3.2940322580645147,0.4606959677419349,0.8350940476190474
100,78486Q101-10-K-20010316.txt,719739,2120,719739,2001,25.587862903225798,24.37350806451616,24.986209677419357,24.08916666666667
101,925811101-10-K-20011231.txt,310056,2462,310056,2001,2.799435483870967,2.646294354838709,2.407188306451611,3.214741666666668
102,485170302-10-K-20010327.txt,54480,1327,54480,2001,13.741169354838705,13.17237096774194,12.562107258064518,13.728831349206347
103,00724F101-10-K-20010226.txt,796343,34,796343,2001,38.50399193548385,35.89637096774192,18.466680241935496,14.862390476190471
104,655044105-10-K-20010329.txt,72207,1618,72207,2001,39.21294354838708,37.82391129032258,4.165228629032258,3.8369285714285732
105,032095101-10-K-20010330.txt,820313,146,820313,2001,42.93036290322583,41.2789112903226,1.235409274193549,1.2053809523809524
106,754730109-10-K-20011221.txt,720005,2003,720005,2001,31.978588709677407,30.854677419354854,7.406862903225805,7.378827777777773
107,397624107-10-K-20010126.txt,43920,980,43920,2001,28.88399193548387,27.94415322580645,8.910362096774195,9.508691269841268
108,858912108-10-K-20010321.txt,861878,2185,861878,2001,45.945564516129,43.71999999999998,11.23648185483871,16.29268849206348
109,416515104-10-K-20010323.txt,874766,1078,874766,2001,62.82314516129029,61.09967741935484,44.10057177419353,40.639508333333346
110,784117103-10-K-20010329.txt,350894,2080,350894,2001,47.905443548387076,45.51483870967741,17.037313709677427,13.744903571428564
111,69357C503-10-K-20010327.txt,1007330,1904,1007330,2001,8.778826612903229,8.205104838709687,85.18866935483868,115.12261904761904
112,784018103-10-K-20010402.txt,1036044,1214,1036044,2001,13.746532258064525,12.770487903225806,132.7975,96.00190476190487
113,210795209-10-K-20010206.txt,319687,391,319687,2001,16.156814516129018,15.564516129032253,3.518314516129033,4.642677777777776
114,089302103-10-K-20010501.txt,768835,290,768835,2001,11.291854838709671,10.820080645161292,10.348844354838716,13.953655952380949
115,790148100-10-K-20010319.txt,745308,1276,745308,2001,25.5706451612903,25.067782258064547,23.92346250000001,27.655536904761906
116,596278101-10-K-20010330.txt,769520,1491,769520,2001,5.7384556451612925,5.598254032258064,0.9321645161290308,1.3116095238095231
117,74460D109-10-K-20010319.txt,318380,1911,318380,2001,29.94600806451613,29.5363306451613,16.657022177419353,20.33351468253968
118,N22717107-10-K-20010315.txt,1000229,502,1000229,2001,19.689919354838707,18.84830645161291,8.352152016129036,5.056608730158731
119,514606102-10-K-20010320.txt,57528,1384,57528,2001,12.987137096774198,12.491491935483873,6.611422983870963,7.36442103174603
120,11776U300-10-K-20010326.txt,1054721,355,1054721,2001,7.1968266129032274,6.582274193548397,27.68769354838711,8.830857142857141
121,146875109-10-K-20010629.txt,1016178,397,1016178,2001,9.15737096774194,9.112157258064519,108.09983346774193,131.40557182539678
122,562750109-10-K-20010402.txt,1056696,1424,1056696,2001,29.52100806451612,27.141733870967737,7.083467741935482,6.5770634920634965
123,721467108-10-K-20011123.txt,802481,1891,802481,2001,12.282499999999995,11.974879032258064,8.824532258064524,8.127859920634915
124,210502100-10-K-20010330.txt,889609,564,889609,2001,1.7116330645161284,1.600377016129031,1.6508225806451597,1.963186507936509
125,29472R108-10-K-20010328.txt,895417,775,895417,2001,28.769959677419358,28.438064516129057,7.416736693548387,8.919128571428573
126,563771104-10-K-20010402.txt,1056358,1562,1056358,2001,1.5665927419354833,1.4418346774193538,12.12223387096774,17.587982539682525
127,398231100-10-K-20010302.txt,1037390,1026,1037390,2001,15.084999999999996,14.850120967741926,13.40160443548388,13.098424206349222
128,806407102-10-K-20010328.txt,1000228,1117,1000228,2001,36.124233870967714,34.598185483870985,8.849808467741934,11.6580753968254
129,785060104-10-K-20010323.txt,835324,2236,835324,2001,29.644798387096763,29.21729838709677,6.2091479838709684,7.945687698412697
130,22284P105-10-K-20010329.txt,928658,628,928658,2001,14.238387096774199,13.66665322580646,13.990685483870974,17.01007936507937
131,302130109-10-K-20010402.txt,746515,854,746515,2001,54.4690322580645,52.38782258064517,11.408758870967741,12.634974206349204
132,290846104-10-K-20011228.txt,808326,786,808326,2001,25.26024193548387,22.768225806451632,74.08074153225806,17.670078968253954
133,025533407-10-K-20010329.txt,742126,748,742126,2001,2.391447580645161,2.2405443548387094,1.5680834677419346,1.7451615079365086
134,89531P105-10-K-20010328.txt,1069878,2324,1069878,2001,22.97858870967741,22.061653225806452,11.265080645161287,13.205575396825402
135,446150104-10-K-20010308.txt,49196,1053,49196,2001,16.23213709677419,15.743669354838723,9.62070443548387,11.835632539682548
136,69478X105-10-K-20010402.txt,1028918,1890,1028918,2001,1.5349193548387088,1.4404838709677414,2.8111290322580653,4.130206349206353
137,928298108-10-K-20010330.txt,103730,2488,103730,2001,21.01939516129033,20.01209677419355,17.333218145161286,14.349359920634921
138,636518102-10-K-20010209.txt,935494,1612,935494,2001,37.577661290322546,35.79560483870967,12.852285483870965,11.504300793650794
139,281479105-10-K-20010508.txt,31667,753,31667,2001,4.243377016129032,4.097233870967741,1.592997177419356,2.665016666666665
140,004816104-10-K-20010328.txt,2098,31,2098,2001,3.214286290322582,3.14757258064516,2.4929806451612913,2.9584388888888857
141,911312106-10-K-20010402.txt,1090727,2414,1090727,2001,56.49899193548384,55.58588709677419,37.43352379032257,41.297806746031775
142,233326107-10-K-20010315.txt,714603,718,714603,2001,51.46145161290321,49.573669354838685,22.704250806451622,18.04939444444444
143,285512109-10-K-20010629.txt,712515,740,712515,2001,55.12459677419353,52.12814516129032,26.862540322580642,30.500456349206353
144,359523107-10-K-20010323.txt,846913,950,846913,2001,2.9437903225806448,2.7670564516129024,2.88039516129032,5.184277777777781
145,001055102-10-K-20010328.txt,4977,61,4977,2001,35.86177419354839,34.78552419354839,20.94112903225807,21.490790476190487
146,066849100-10-K-20010330.txt,743367,282,743367,2001,16.038588709677427,15.86407258064516,2.6993076612903217,3.265067460317462
147,371927104-10-K-20010328.txt,1022321,981,1022321,2001,5.323983870967741,5.062592741935479,1.9070991935483843,1.4662785714285715
148,701081101-10-K-20010322.txt,76321,1854,76321,2001,5.101907258064519,4.834620967741934,4.9610766129032235,3.2284523809523797
149,74050M105-10-K-20010330.txt,887919,1830,887919,2001,7.801133064516133,7.65852822580645,4.818050403225809,5.006677777777776
150,074014101-10-K-20010216.txt,1099160,248,1099160,2001,13.193419354838708,12.492471774193563,9.848554435483873,10.140055952380958
151,457985208-10-K-20010402.txt,917520,1140,917520,2001,21.531693548387103,20.323729838709692,9.490518145161287,9.325030952380958
152,855707105-10-K-20010402.txt,874977,2205,874977,2001,15.756008064516136,15.1867741935484,11.148037096774194,11.298328571428573
153,747525103-10-K-20011109.txt,804328,1940,804328,2001,61.72391129032257,57.99177419354838,22.73318104838711,13.024969047619047
154,452521107-10-K-20010402.txt,1058811,1188,1058811,2001,6.218108870967745,5.590076612903234,5.940254032258063,2.348714285714285
155,535555106-10-K-20011129.txt,836157,1387,836157,2001,19.454838709677414,19.109435483870985,16.616906854838707,19.66895238095237
156,199908104-10-K-20010327.txt,1035983,906,1035983,2001,3.0032258064516104,2.8815241935483886,2.473689112903226,3.2023083333333315
157,192108108-10-K-20010402.txt,215466,439,215466,2001,1.1417016129032256,1.0364818548387094,10.882842741935491,14.971428571428564
158,88368Q103-10-K-20010402.txt,1080056,2346,1080056,2001,1.8314153225806435,1.6788951612903216,1.3358592741935484,1.885594841269841
159,30226D106-10-K-2001-09-26.txt,1078271,856,1078271,2001,24.674060483870964,22.02931048387098,23.222741935483857,8.57362301587302
160,829073105-10-K-20010329.txt,920371,2193,920371,2001,53.13213709677421,52.29524193548386,10.78810241935484,12.51856825396825
161,090911108-10-K-20010402.txt,811240,293,811240,2001,3.915032258064516,3.6100685483870913,3.1654459677419347,4.277858730158734
162,713448108-10-K-20010315.txt,77476,1824,77476,2001,46.50217741935484,45.5067741935484,30.925906451612878,31.36325793650793
163,36467A107-10-K-2001-08-29.txt,918580,1018,918580,2001,2.102903225806452,1.9245161290322583,1.7509286290322563,2.2938595238095227
164,488360108-10-K-20010615.txt,887730,1292,887730,2001,18.975322580645162,18.181693548387106,55.738064516129036,44.142976190476205
165,594918104-10-K-2001-09-18.txt,789019,1552,789019,2001,63.61108870967741,61.372096774193544,20.81698266129033,18.156409920634932
166,388690109-10-K-20010323.txt,892793,1019,892793,2001,4.035717741935484,3.8354758064516097,3.691899596774192,6.446690873015873
167,718592108-10-K-20010426.txt,78239,1927,78239,2001,13.509536290322574,12.928548387096784,12.30364153225806,12.659347619047615
168,989207105-10-K-20010320.txt,877212,2585,877212,2001,46.5983870967742,44.63596774193543,9.07691532258065,10.943506349206352
169,714157104-10-K-20010402.txt,891532,1827,891532,2001,2.524673387096773,2.371745967741934,12.274778225806456,13.830972222222226
170,459902102-10-K-20011212.txt,353944,1172,353944,2001,55.18991935483872,53.54584677419357,9.99324153225807,11.920566666666666
171,267888105-10-K-20010328.txt,34067,329,34067,2001,2.5703870967741937,2.456830241935483,1.1479125000000006,1.3675873015873008
172,057665200-10-K-20010328.txt,9326,259,9326,2001,17.735443548387092,17.41274193548387,0.6475645161290324,0.8177916666666672
173,125906107-10-K-20010316.txt,20629,594,20629,2001,24.52133064516129,24.238306451612893,11.436850403225794,15.873127380952376
174,709789101-10-K-20010312.txt,318300,1818,318300,2001,18.72818548387097,18.41423387096774,9.564212903225801,15.360424206349206
175,457919108-10-K-20010504.txt,82473,1174,82473,2001,1.883782258064516,1.8596290322580649,1.668384274193548,1.5737642857142844
176,384109104-10-K-20010316.txt,42888,993,42888,2001,32.285483870967724,31.49044354838711,3.2285528225806464,4.31549523809524
177,035290105-10-K-20010309.txt,52795,222,52795,2001,27.46790322580644,26.526088709677442,19.12500967741936,17.94289007936508
178,810186106-10-K-20011214.txt,825542,2142,825542,2001,41.55112903225806,40.64141129032256,13.013487499999995,14.622967063492071
179,950755108-10-K-20010323.txt,793074,2514,793074,2001,20.6371370967742,19.748991935483893,7.441125806451613,9.683482142857141
180,286082102-10-K-20010329.txt,867374,759,867374,2001,23.065766129032273,21.762177419354853,22.432701612903237,17.378769841269847
181,253922108-10-K-2001-09-28.txt,1005409,661,1005409,2001,28.54802419354838,27.75245967741937,5.407508064516129,8.318884523809524
182,700416209-10-K-20010524.txt,76267,1855,76267,2001,26.40032258064516,25.307620967741947,11.028769758064515,10.216671428571434
183,690768403-10-K-20010402.txt,812074,1744,812074,2001,7.187213709677423,6.78083870967742,6.683030241935482,13.47431349206349
184,913483103-10-K-20010328.txt,101984,2380,101984,2001,17.627419354838707,16.736612903225815,17.196653225806447,12.815269841269837
185,426281101-10-K-2001-09-25.txt,779152,1269,779152,2001,30.288508064516115,28.87778225806453,20.78255806451613,14.08678373015874
186,909218109-10-K-20010320.txt,798949,2409,798949,2001,15.52987903225807,14.832822580645162,15.1854435483871,16.873134920634932
187,53222Q103-10-K-20010402.txt,874396,1356,874396,2001,6.492350806451617,6.3433669354838695,5.018849596774196,5.011469047619049
188,880770102-10-K-20010327.txt,97210,2274,97210,2001,34.008185483870946,31.83754032258068,31.576639112903234,21.769190873015884
189,302445101-10-K-20010402.txt,354908,911,354908,2001,24.22710483870968,22.70193951612904,2.6847814516129045,4.9569321428571405
190,747620102-10-K-20010105.txt,276889,1715,276889,2001,23.1733064516129,22.678145161290328,2.476875403225808,3.8477948412698413
191,318457108-10-K-2001-09-28.txt,1017907,859,1017907,2001,3.387822580645162,3.3202419354838684,3.3117435483870987,3.941027380952383
192,153527106-10-K-20011221.txt,887733,450,887733,2001,8.469153225806457,7.949971774193548,2.7736596774193565,4.7633869047619015
193,749227104-10-K-20010402.txt,1045425,1954,1045425,2001,15.642943548387086,15.373629032258075,30.279666935483885,44.45281865079363
194,405217100-10-K-2001-09-28.txt,910406,1049,910406,2001,26.182217741935485,25.079959677419343,12.829495967741938,8.635674603174603
195,576817209-10-K-20010330.txt,1007228,1429,1007228,2001,2.838479032258064,2.502024193548386,25.07314516129032,5.260170634920631
196,640491106-10-K-2001-08-28.txt,711377,1632,711377,2001,14.721762096774194,13.755314516129038,2.5377717741935486,2.5182218253968256
197,53220K207-10-K-20010329.txt,886163,1368,886163,2001,12.408427419354837,11.636088709677427,51.41560362903221,49.21731587301587
198,91307C102-10-K-20010330.txt,1082554,2431,1082554,2001,12.833467741935484,12.051975806451626,6.209536290322579,6.7553591269841275
199,402307102-10-K-20010322.txt,1031623,999,1031623,2001,14.74867741935484,14.055225806451626,11.972847177419348,11.850258333333334
200,83545G102-10-K-20010402.txt,1043509,2044,1043509,2001,14.474866935483876,13.83052016129033,11.688150000000002,19.817226190476198
201,009207101-10-K-20010628.txt,353184,76,353184,2001,3.9619354838709655,3.838052419354837,2.793428225806452,2.4276619047619032
202,759509102-10-K-20010329.txt,861884,2026,861884,2001,26.191088709677416,25.51024193548385,10.305402016129033,10.398050396825397
203,02553E106-10-K-20010427.txt,919012,53,919012,2001,34.96939516129033,32.977379032258064,6.745352016129033,4.352405952380952
204,45168D104-10-K-20010329.txt,874716,1163,874716,2001,25.70415322580645,24.601532258064537,6.298245967741936,7.324632936507938
205,060505104-10-K-20010319.txt,70858,236,70858,2001,58.02850806451615,56.444032258064524,17.989587500000013,22.022807539682546
206,832154108-10-K-20010329.txt,948708,2147,948708,2001,1.5007608870967728,1.3319866935483866,5.657091935483869,3.0864587301587303
207,929566107-10-K-20010329.txt,879526,2535,879526,2001,10.018685483870973,9.639919354838707,9.127118548387099,7.39590595238095
208,903002103-10-K-20010328.txt,752642,2399,752642,2001,11.032754032258065,10.876185483870973,8.493446774193547,10.648434920634916
209,253807101-10-K-20010322.txt,1089443,697,1089443,2001,16.17596774193549,14.787379032258064,14.891302419354856,13.533309523809516
210,191098102-10-K-20010329.txt,317540,548,317540,2001,39.76221774193548,38.732983870967736,29.943014919354855,37.58242658730157
211,794093104-10-K-20010402.txt,1050606,2046,1050606,2001,20.10423387096776,19.123548387096783,13.57175524193548,16.83443333333333
212,929328102-10-K-20010402.txt,828944,2546,828944,2001,15.752096774193545,15.437822580645173,4.524454838709676,7.119851190476187
213,363576109-10-K-20010327.txt,354190,79,354190,2001,31.168185483870946,30.03524193548389,15.913491129032266,17.074480952380956
214,80589M102-10-K-20010327.txt,91882,2063,91882,2001,27.32399193548385,26.715645161290336,13.025305241935484,14.654442857142847
215,291525103-10-K-20010524.txt,783005,788,783005,2001,25.963266129032238,24.62169354838712,69.76581572580648,62.65762976190479
216,682406103-10-K-20010327.txt,712770,1752,712770,2001,13.271814516129039,13.206532258064511,3.519854838709678,4.354273015873021
217,307675108-10-K-2001-09-28.txt,34563,860,34563,2001,229.12479838709683,225.99274193548385,19.180363306451603,27.007223412698398
218,125750109-10-K-20011029.txt,914712,1504,914712,2001,3.257137096774192,2.8944354838709674,26.07855322580643,8.081897222222219
219,231082108-10-K-20010402.txt,1058623,525,1058623,2001,9.923354838709676,9.252157258064518,77.03929032258068,131.52031746031741
220,626717102-10-K-20010322.txt,717423,1583,717423,2001,74.52278225806452,72.54419354838711,5.3997532258064505,6.4061515873015855
221,126349109-10-K-20010330.txt,1005757,591,1005757,2001,46.51286290322582,44.272379032258065,41.13283508064518,19.384425793650788
222,69329Y104-10-K-20010330.txt,882104,1814,882104,2001,55.865645161290296,51.331169354838714,4.977763709677419,2.180053968253968
223,00846U101-10-K-20010117.txt,1090872,0,1090872,2001,34.350201612903206,32.39814516129035,22.72239314516129,15.595282142857132
224,759930100-10-K-20010402.txt,920052,1961,920052,2001,15.527258064516127,15.04923387096775,2.454620161290322,1.7390980158730154
225,784933103-10-K-20010411.txt,1004989,2096,1004989,2001,1.3502471774193543,1.265990322580645,1.3031173387096773,2.2922896825396815
226,577128101-10-K-20011220.txt,63296,1430,63296,2001,32.038346774193585,31.14161290322581,17.09361572580647,21.451740476190466
227,117043109-10-K-20010309.txt,14930,255,14930,2001,20.866612903225814,20.20342741935484,16.558125806451617,19.60427142857143
228,254687106-10-K-20011210.txt,1001039,688,1001039,2001,26.907499999999967,25.932701612903266,21.300385887096773,16.05103611111111
229,862685104-10-K-20010328.txt,915735,2200,915735,2001,3.9345967741935466,3.7161975806451584,1.2775689516129018,2.3048083333333342
230,929740108-10-K-20010328.txt,943452,2496,943452,2001,13.225403225806446,12.760725806451626,6.261171774193549,6.615516666666664
231,727493108-10-K-20010601.txt,914025,1865,914025,2001,25.66415322580644,24.33520161290322,22.034655645161273,16.977025793650785
232,902653104-10-K-20010315.txt,74208,2379,74208,2001,13.404677419354833,13.177016129032266,5.527180645161296,6.8680357142857185
233,898697107-10-K-20010402.txt,909494,2260,909494,2001,0.7319262096774193,0.6382258064516126,2.7247483870967706,1.4969999999999992
234,34629U103-10-K-20011029.txt,884144,183,884144,2001,1.8443548387096784,1.657822580645161,11.759139516129034,20.434394444444443
235,761152107-10-K-2001-09-20.txt,943819,2009,943819,2001,50.762580645161286,49.29842741935481,11.196220967741935,7.491921031746031
236,466367109-10-K-20011211.txt,807882,1251,807882,2001,27.49915322580643,26.779193548387088,12.865707661290324,12.699957936507941
237,141665109-10-K-20010330.txt,1046568,447,1046568,2001,47.05737903225806,44.6908064516129,13.44964717741936,20.67436507936509
238,447324104-10-K-20010126.txt,315374,1129,315374,2001,3.0129838709677395,2.9172258064516114,2.822864516129032,2.0341380952380965
239,553530106-10-K-20011107.txt,1003078,1555,1003078,2001,17.229072580645152,16.57508064516129,12.033972983870964,12.33285396825397
240,01881G106-10-K-20010402.txt,825313,8,825313,2001,50.00854838709677,48.682056451612894,16.861375806451615,13.362848809523806
241,190897108-10-K-20010402.txt,1028734,543,1028734,2001,16.770443548387107,16.308548387096785,6.862279032258066,8.51533134920635
242,903899102-10-K-2001-09-26.txt,875657,2395,875657,2001,6.018587903225812,5.656173387096772,5.843879032258063,3.1625357142857102
243,669967101-10-K-20010402.txt,1102556,1694,1102556,2001,1.8647592741935493,1.6785209677419348,1.770081048387095,5.5101626984126995
244,879080109-10-K-20010327.txt,96869,2323,96869,2001,24.517096774193536,24.00745967741935,24.265282258064516,27.606746031746034
245,947890109-10-K-20010321.txt,801337,2504,801337,2001,31.467056451612923,30.648709677419372,22.01097056451613,25.635621825396818
246,225447101-10-K-2001-08-27.txt,895419,570,895419,2001,24.460443548387108,22.607258064516138,23.479193548387087,15.450515873015867
247,743410102-10-K-20010326.txt,899881,1862,899881,2001,24.934556451612917,24.595120967741924,10.323601209677417,13.072794047619029
248,860372101-10-K-20010322.txt,94344,2203,94344,2001,19.20399193548386,18.738185483870975,15.61948508064517,16.026987301587305
249,36227K106-10-K-20010403.txt,944480,1041,944480,2001,1.9968548387096767,1.9310887096774183,1.9703629032258057,2.8433333333333315
250,902925106-10-K-20010314.txt,883945,2419,883945,2001,7.2722903225806474,7.030806451612908,7.19449596774194,10.0524246031746
251,315293100-10-K-20011025.txt,922358,897,922358,2001,18.427822580645163,17.975282258064535,3.965783064516129,4.682629365079366
252,86183P102-10-K-20010330.txt,1043337,2188,1043337,2001,8.067899193548385,7.755217741935486,7.931927419354838,12.922619047619035
253,824543102-10-K-20010129.txt,904979,2103,904979,2001,4.46944758064516,4.249862903225806,3.132219758064516,1.6468365079365102
254,714290103-10-K-2001-09-07.txt,820096,1902,820096,2001,13.147108870967756,12.572737903225812,11.729760887096784,10.808760714285713
255,500600101-10-K-20010402.txt,771266,1320,771266,2001,11.90210080645162,10.84901612903226,11.386608870967748,7.007162698412698
256,278642103-10-K-20010328.txt,1065088,742,1065088,2001,55.66048387096768,52.29495967741935,5.765677419354839,6.291794444444442
257,553777103-10-K-20011221.txt,68709,1570,68709,2001,11.024375000000008,10.376012096774195,7.9071229838709725,8.087732142857144
258,001547108-10-K-20010220.txt,918160,83,918160,2001,11.315943548387096,10.850677419354843,10.350558870967745,9.984525793650793
259,059692103-10-K-20010330.txt,701853,375,701853,2001,15.366129032258065,14.88564516129033,9.887162499999992,13.239127777777774
260,307068106-10-K-20010329.txt,1021270,655,1021270,2001,6.967778225806455,6.580241935483872,6.780233870967745,6.345976190476191
261,707569109-10-K-20010328.txt,921738,1822,921738,2001,18.881491935483872,17.72196370967743,1.0525407258064514,1.9887194444444456
262,73278L105-10-K-20010327.txt,945841,1886,945841,2001,31.61415322580645,30.508588709677404,8.195219354838715,10.175724206349198
263,49427F108-10-K-20010328.txt,1025996,1323,1025996,2001,26.344354838709695,25.876008064516128,12.571998387096775,12.955352777777774
264,101119105-10-K-20010301.txt,821127,333,821127,2001,19.98455645161292,19.34185483870968,15.342774596774184,17.55736269841271
265,29476L107-10-K-20010220.txt,906107,807,906107,2001,48.706975806451595,47.96463709677419,11.404848387096768,11.902009523809525
266,469814107-10-K-20011221.txt,52988,1261,52988,2001,62.53919354838708,60.57733870967739,15.238598790322602,16.90025674603178
267,747316107-10-K-20010329.txt,81362,1336,81362,2001,19.128911290322574,18.8184677419355,11.369152822580647,13.695460714285714
268,344437405-10-K-20011012.txt,355019,930,355019,2001,1.5767822580645148,1.459523387096774,37.96925403225807,30.66726190476191
269,826565103-10-K-20010504.txt,790715,2114,790715,2001,1.8488346774193556,1.6534758064516115,1.7620806451612903,2.9939880952380964
270,029899101-10-K-20010228.txt,1056903,217,1056903,2001,34.01629032258066,33.25782258064518,6.965464112903224,7.926050793650794
271,638904102-10-K-20010402.txt,793547,1615,793547,2001,17.012782258064522,16.835564516129036,8.412621774193546,11.684123809523811
272,514766104-10-K-20010126.txt,1005286,1385,1005286,2001,3.967197580645162,3.7754717741935466,3.892354838709677,3.1000000000000014
273,09066L105-10-K-20010330.txt,876343,364,876343,2001,7.00722580645161,6.601995967741932,6.265852419354838,2.196565873015873
274,756577102-10-K-20010419.txt,1087423,1998,1087423,2001,5.701895161290323,5.2814112903225805,4.890456451612901,5.661230158730158
275,353469109-10-K-20011129.txt,886206,869,886206,2001,6.24303225806452,6.019709677419356,6.144375000000003,2.4810714285714313
276,422347104-10-K-20010328.txt,799233,1125,799233,2001,26.03637096774195,25.097620967741943,5.3938112903225806,7.46804404761905
277,62886E108-10-K-20010308.txt,70866,1625,70866,2001,41.89592741935483,40.63612903225804,4.941448790322584,3.9451630952380987
278,264411505-10-K-20010328.txt,783280,709,783280,2001,24.102217741935483,23.697459677419342,35.89217338709679,14.985997619047618
279,634865109-10-K-20010330.txt,796534,1649,796534,2001,20.78608870967743,20.55568548387098,5.959439516129034,7.806882142857139
280,09180C106-10-K-20010402.txt,1013488,295,1013488,2001,4.067137096774192,3.8860887096774177,3.975980241935485,6.962083333333349
281,349853101-10-K-20010402.txt,912728,960,912728,2001,31.490645161290335,29.93044354838712,17.967399999999994,14.666042857142855
282,458334109-10-K-20010330.txt,822663,1220,822663,2001,10.89337096774193,10.594870967741931,3.2106314516128998,3.9649261904761928
283,847788106-10-K-20010330.txt,934648,2326,934648,2001,24.86443548387096,24.133669354838705,16.498004435483857,17.254303968253964
284,90385D107-10-K-20010402.txt,1016125,2396,1016125,2001,4.205564516129035,3.8783629032258062,4.042145161290319,3.6496507936507943
285,871607107-10-K-20010126.txt,883241,2159,883241,2001,52.27870967741931,49.825887096774146,25.582762096774193,23.69045634920634
286,171871106-10-K-20010316.txt,716133,411,716133,2001,20.182822580645148,19.239758064516145,98.56491935483872,22.416269841269852
287,84763A108-10-K-20010417.txt,831547,2178,831547,2001,4.315887096774194,3.9387499999999984,100.95658830645156,23.976031349206337
288,171232101-10-K-20010327.txt,20171,409,20171,2001,71.89310483870969,70.11528225806448,19.09121048387097,18.178353968253973
289,864482104-10-K-20011219.txt,1005210,2174,1005210,2001,25.786249999999995,25.19947580645163,6.639949193548388,7.601706746031747
290,374689107-10-K-20010222.txt,912562,2015,912562,2001,18.04741935483871,17.431693548387095,10.971731048387095,12.85300793650793
291,617446448-10-K-20010216.txt,895421,1544,895421,2001,62.200080645161286,59.44141129032254,38.59900040322579,29.333211507936507
292,387328107-10-K-20010402.txt,861459,1040,861459,2001,27.84834677419356,26.93157258064517,18.869027822580627,16.057349206349198
293,374163103-10-K-20010323.txt,886744,984,886744,2001,13.743185483870974,12.82435887096774,13.231326612903233,5.714916666666667
294,456314103-10-K-20010330.txt,4187,1158,4187,2001,2.2535443548387097,2.219758064516129,0.4853717741935487,0.4870682539682543
295,32006W106-10-K-20010323.txt,946647,883,946647,2001,14.62516129032258,14.33221774193549,9.304360483870967,11.880712698412696
296,302301106-10-K-20011221.txt,876523,857,876523,2001,1.970798387096775,1.8839012096774184,0.6408624999999994,1.0367011904761902
297,716748108-10-K-20010330.txt,872248,1897,872248,2001,6.0349879032258045,5.618096774193551,23.391903225806445,20.370142857142863
298,302571104-10-K-20010308.txt,753308,1629,753308,2001,58.484919354838674,57.15685483870966,16.408929032258076,16.898678571428572
299,761525500-10-K-20010402.txt,887921,1986,887921,2001,6.40608870967742,6.092661290322582,62.83991935483876,44.83015873015871
300,87162H103-10-K-20010330.txt,1040426,2241,1040426,2001,9.097596774193553,8.633169354838719,2.0219201612903226,3.2609464285714282
301,258278100-10-K-20010328.txt,868780,704,868780,2001,3.435233870967741,3.313419354838708,0.8076689516129029,2.0534940476190475
302,09069N108-10-K-20010402.txt,1014739,294,1014739,2001,7.210929435483874,6.65876330645161,6.979497983870967,12.155238095238106
303,502161102-10-K-20010308.txt,703360,1400,703360,2001,25.73032258064514,25.32649193548389,10.661378225806446,13.647188095238107
304,808541106-10-K-20010302.txt,1000623,2230,1000623,2001,21.992943548387093,21.465483870967752,7.028787500000003,8.090888095238096
305,228903100-10-K-20010402.txt,784199,585,784199,2001,32.28701612903227,30.75995967741937,30.074073790322608,15.204863888888891
306,199333105-10-K-20010629.txt,1005229,520,1005229,2001,8.989862903225815,8.590225806451611,8.487619758064518,8.166963095238094
307,589889104-10-K-20010402.txt,856982,1513,856982,2001,11.049241935483868,10.355064516129037,3.1789241935483865,7.892689285714287
308,231021106-10-K-20010313.txt,26172,524,26172,2001,38.78927419354836,37.590443548387114,6.739730645161291,6.1991785714285745
309,76028H100-10-K-20010402.txt,897075,2022,897075,2001,3.5120806451612907,3.2695201612903184,13.63796774193548,10.012746031746033
310,029912201-10-K-20010402.txt,1053507,120,1053507,2001,20.465201612903225,19.376774193548396,17.8838,3.224782936507939
311,595112103-10-K-20011015.txt,723125,1576,723125,2001,37.15935483870963,34.776975806451624,35.9297177419355,22.895952380952377
312,00760J108-10-K-2001-08-29.txt,1040470,49,1040470,2001,4.317975806451615,4.156923387096775,4.248826612903224,4.213150793650798
313,695156109-10-K-20010327.txt,75677,1856,75677,2001,16.44282258064516,15.919959677419357,9.935326209677418,11.359255952380956
314,981475106-10-K-20010618.txt,789460,1206,789460,2001,11.77376209677419,11.339258064516127,1.2724653225806444,2.2445833333333334
315,043113109-10-K-20010326.txt,863110,165,863110,2001,26.526370967741947,26.03250000000001,6.439656048387098,7.5444103174603185
316,36268Q103-10-K-20010327.txt,1089872,964,1089872,2001,14.537741935483885,13.827237903225805,13.707681451612908,13.39720436507936
317,974250102-10-K-20010323.txt,908315,2525,908315,2001,6.838548387096777,6.69375,5.8042487903225854,8.862562698412702
318,536797103-10-K-20010329.txt,1023128,1340,1023128,2001,16.63983870967742,16.20229838709677,12.843755645161295,16.415442460317458
319,431573104-10-K-20010222.txt,47518,1110,47518,2001,52.76076612903224,51.65314516129029,27.138901209677414,29.613050793650785
320,759916109-10-K-20010629.txt,730272,1992,730272,2001,2.9570604838709675,2.651907258064514,2.808169354838708,2.7847499999999994
321,47012E106-10-K-20010402.txt,1009829,1252,1009829,2001,16.13712903225807,15.235258064516135,14.922634677419348,14.996311507936511
322,249908104-10-K-20010402.txt,1005201,672,1005201,2001,4.931854838709677,4.694193548387098,4.8285483870967765,3.6322619047619065
323,015351109-10-K-20011029.txt,899866,101,899866,2001,26.505161290322576,24.090040322580663,6.325413306451615,4.0791972222222235
324,004930202-10-K-20010627.txt,718877,200,718877,2001,29.832701612903207,28.06415322580645,2.3161883064516133,2.9776277777777747
325,13971R306-10-K-20010509.txt,1021422,382,1021422,2001,22.58887096774193,21.548911290322586,51.861155645161325,65.99060674603179
326,26817Q506-10-K-20010406.txt,826675,731,826675,2001,1.8438024193548384,1.7178810483870959,0.5828798387096772,1.3339301587301589
327,698884103-10-K-20010330.txt,708821,1915,708821,2001,10.469153225806457,9.717822580645167,25.2391129032258,10.35575396825397
328,681936100-10-K-20010402.txt,888491,1743,888491,2001,3.0385524193548377,2.851076612903224,1.1315504032258064,2.0127142857142846
329,203607106-10-K-20010330.txt,723188,421,723188,2001,27.47245967741935,27.113104838709678,3.801589919354838,4.423543650793651
330,226901106-10-K-2001-09-27.txt,812121,523,812121,2001,19.920483870967733,18.608024193548406,3.7031415322580665,4.329884523809523
331,114340102-10-K-20011213.txt,933974,346,933974,2001,42.784314516129044,39.85060483870968,33.79110564516129,22.50596746031745
332,318910106-10-K-20010313.txt,811589,865,811589,2001,21.995685483870968,21.32564516129033,9.177210080645166,10.441192063492068
333,628530107-10-K-20010626.txt,69499,1602,69499,2001,29.741209677419338,28.744354838709675,12.413646774193547,13.414484920634921
334,21036P207-10-K-20010529.txt,16918,2220,16918,2001,50.96439516129034,49.48596774193546,9.261065322580645,12.864596031746027
335,89336Q100-10-K-20010504.txt,795212,2363,795212,2001,8.498439516129036,8.154403225806451,6.541000403225807,4.748354365079368
336,445658107-10-K-20010312.txt,728535,1253,728535,2001,18.81588709677422,17.93443548387097,3.932420564516129,5.647755555555557
337,800013104-10-K-20011227.txt,812128,2043,812128,2001,12.702189516129033,12.266641129032266,6.389485887096777,11.280782539682539
338,800013104-10-K-20010122.txt,812128,2043,812128,2001,12.702189516129033,12.266641129032266,6.389485887096777,11.280782539682539
339,609720107-10-K-20011224.txt,67625,1520,67625,2001,6.007508064516133,5.873854838709677,1.908085080645162,2.437323809523808
340,871829107-10-K-2001-09-27.txt,96021,2244,96021,2001,27.130927419354844,26.410443548387107,17.261259274193552,18.660396428571428
341,36237H101-10-K-20010427.txt,821002,1001,821002,2001,7.842810483870976,7.556487903225812,2.5772608870967733,2.3549373015873023
342,68554V108-10-K-20010402.txt,1116463,1774,1116463,2001,10.417149193548392,9.756145161290329,10.181169354838717,5.9632777777777815
343,83088M102-10-K-20010629.txt,4127,2229,4127,2001,26.740201612903217,24.37975806451613,24.41304193548388,9.869128968253976
344,69325Q105-10-K-20010328.txt,1057083,1807,1057083,2001,8.890096774193546,8.429741935483877,6.836483064516134,5.650903174603172
345,594960106-10-K-20010402.txt,65770,1588,65770,2001,18.452177419354832,17.12778225806451,142.21709677419352,60.511619047619035
346,203900105-10-K-20010402.txt,22701,1259,22701,2001,8.011088709677423,7.629193548387097,3.9495588709677407,3.781794444444445
347,020409108-10-K-20010622.txt,799231,59,799231,2001,8.614004032258064,8.245334677419352,3.8577165322580655,4.514224206349206
348,698813102-10-K-20010330.txt,901491,1937,901491,2001,25.70354838709679,24.863870967741928,5.990910483870965,6.9145440476190485
349,45765Y105-10-K-20010326.txt,875355,1231,875355,2001,7.56674596774194,7.274133064516133,3.0082891129032268,3.4971896825396835
350,150185106-10-K-20010330.txt,811532,955,811532,2001,21.257499999999983,20.841895161290342,7.5776104838709735,8.981253571428573
351,45885A300-10-K-20010315.txt,1056386,1192,1056386,2001,2.8037903225806433,2.4535887096774185,104.85,21.31111111111112
352,055645303-10-K-20011219.txt,14846,350,14846,2001,9.541870967741938,9.481971774193553,3.0556254032258066,4.540121428571427
353,32054K103-10-K-20010309.txt,921825,937,921825,2001,31.57979838709677,31.099556451612905,15.012427016129038,16.371714682539693
354,783549108-10-K-20010326.txt,85961,1950,85961,2001,20.257943548387093,19.658306451612912,14.185424999999995,18.963484920634922
355,127097103-10-K-20010226.txt,858470,545,858470,2001,26.139717741935467,25.140967741935476,2.001597983870968,1.763087301587302
356,192446102-10-K-20010315.txt,1058290,609,1058290,2001,39.142298387096794,36.92387096774193,1.5813294354838716,2.169285714285713
357,92343E102-10-K-20010328.txt,1014473,2483,1014473,2001,52.1365322580645,47.783467741935475,42.58346290322583,12.144703571428574
358,63935N107-10-K-20010319.txt,1019737,1624,1019737,2001,5.6355443548387125,5.2456129032258065,5.452270161290324,5.88349206349206
359,64120L104-10-K-2001-07-26.txt,1002047,1681,1002047,2001,22.946052419354853,20.58379032258065,19.762275806451605,12.271993253968256
360,011311107-10-K-20010330.txt,897077,87,897077,2001,14.12842741935484,14.009032258064522,11.712235887096767,11.969592460317454
361,589378108-10-K-2001-09-28.txt,1049521,1538,1049521,2001,43.671975806451606,40.89088709677416,42.305967741935476,28.16246031746032
362,853666105-10-K-20010402.txt,93389,2145,93389,2001,11.710508064516132,11.46445161290323,7.720754032258067,9.547650793650796
363,896239100-10-K-20010329.txt,864749,2327,864749,2001,18.650846774193553,17.557298387096782,3.0244233870967743,2.3529047619047616
364,80874P109-10-K-20010129.txt,750004,2095,750004,2001,4.295604838709674,4.026129032258063,4.196048387096774,7.843904761904758
365,207410101-10-K-20010329.txt,816956,535,816956,2001,22.401330645161305,21.43471774193549,14.750063709677427,18.97755515873017
366,150838100-10-K-2001-09-28.txt,865941,465,865941,2001,4.402205645161294,4.081512096774194,0.8790725806451614,2.3325365079365095
367,786598102-10-K-20010402.txt,886136,2087,886136,2001,18.94056451612903,18.476935483870975,36.05682217741932,46.86310952380954
368,143905107-10-K-20010402.txt,1016281,596,1016281,2001,4.918467741935482,4.673745967741933,4.536041532258063,3.8798392857142834
369,988498101-10-K-20010328.txt,1041061,2582,1041061,2001,43.07108870967744,41.94052419354842,5.5922008064516096,7.5755559523809515
370,693149106-10-K-20010330.txt,798287,1922,798287,2001,9.673818548387096,9.432713709677422,8.00642782258065,18.21724563492064
371,319829107-10-K-20010402.txt,712537,875,712537,2001,11.832491935483867,11.405169354838705,5.964938709677418,6.733985714285716
372,031162100-10-K-20010307.txt,318154,109,318154,2001,63.61556451612903,61.04951612903223,54.155850806451596,42.92711111111112
373,007094105-10-K-20010316.txt,1000753,1678,1000753,2001,26.077177419354854,24.556008064516142,8.778439919354833,4.52912023809524
374,75886F107-10-K-20010302.txt,872589,1979,872589,2001,29.144193548387108,27.625766129032268,28.380887096774195,18.884484126984123
375,428236103-10-K-20010125.txt,47217,1104,47217,2001,26.504314516129018,25.258548387096774,9.432189919354835,6.347423412698412
376,021441100-10-K-20010308.txt,768251,98,768251,2001,26.84008064516128,24.848830645161296,23.26700645161291,14.651964285714278
377,624580106-10-K-20010430.txt,72573,1529,72573,2001,17.05379032258064,16.510524193548385,6.8138733870967725,7.920078968253962
378,443320106-10-K-20010316.txt,940942,1127,940942,2001,11.356209677419352,11.006451612903225,0.6984846774193547,0.5302551587301589
379,29076N206-10-K-20010330.txt,1046995,779,1046995,2001,2.693145161290323,2.4078629032258063,2.4649100806451623,0.4932718253968253
380,042682203-10-K-20010327.txt,916529,167,916529,2001,3.28741935483871,2.967540322580644,43.455887096774184,17.11333333333333
381,204149108-10-K-20010330.txt,350852,601,350852,2001,20.650887096774206,20.068548387096783,6.309367338709679,8.356769047619053
382,461203101-10-K-20010330.txt,742112,1248,742112,2001,36.868427419354845,35.818911290322596,34.912991129032235,33.124036111111096
383,479167108-10-K-20011227.txt,788329,1278,788329,2001,6.795625000000002,6.5820846774193615,6.233104435483872,10.968772619047602
384,45337C102-10-K-20010402.txt,879169,1193,879169,2001,18.866290322580653,17.49693548387097,18.17883064516129,8.013730158730159
385,532457108-10-K-20010328.txt,59478,1378,59478,2001,80.62935483870969,78.73004032258062,45.60835645161293,37.705571031746025
386,294766100-10-K-20010302.txt,878932,808,878932,2001,8.844020161290315,8.77460483870968,4.669306048387095,3.834996031746031
387,00246W103-10-K-20010226.txt,1051627,227,1051627,2001,23.649516129032268,21.65762096774195,22.59875000000001,7.0522063492063465
388,876664103-10-K-20010326.txt,890319,2258,890319,2001,13.143629032258065,12.904838709677426,5.954459677419356,7.454599603174603
389,69371Y101-10-K-20010402.txt,1071598,1784,1071598,2001,19.066411290322584,18.87403225806453,18.5624818548387,25.920835317460327
390,035710409-10-K-20010327.txt,1043219,1653,1043219,2001,12.84945967741935,12.51576612903226,1.960239516129032,3.1659369047619066
391,29084Q100-10-K-20010220.txt,105634,782,105634,2001,37.38564516129031,36.352177419354796,4.3859169354838725,6.326813095238098
392,398905109-10-K-20010320.txt,1031203,1017,1031203,2001,23.11314112903224,22.019705645161295,19.80379717741935,27.606432539682547
393,554382101-10-K-20010329.txt,912242,1419,912242,2001,23.27830645161291,22.91850806451612,9.245848790322585,12.681170238095238
394,124830100-10-K-20010402.txt,910612,416,910612,2001,29.04931451612903,28.691653225806462,4.3245197580645165,5.887532539682537
395,930059100-10-K-20010319.txt,1052100,2510,1052100,2001,30.7197177419355,29.791653225806474,16.196142338709684,12.731463095238107
396,335716106-10-K-20010329.txt,765207,927,765207,2001,18.48120967741936,18.33004032258065,3.1087669354838723,4.952517460317456
397,22025Y407-10-K-20010417.txt,1070985,640,1070985,2001,9.67395161290322,9.27108870967742,2.3989020161290333,3.0271285714285705
398,917488108-10-K-20010329.txt,706698,2433,706698,2001,10.675733870967749,10.289879032258069,7.192123790322581,10.710259126984127
399,896712205-10-K-2001-09-24.txt,732026,2334,732026,2001,3.4782782258064504,3.402157258064517,3.0939145161290353,2.2051523809523816
400,682159108-10-K-20010329.txt,890564,174,890564,2001,20.91358870967741,19.86419354838711,20.420322580645152,14.652801587301582
401,516548104-10-K-2001-09-28.txt,1114925,1405,1114925,2001,7.49810080645161,7.015104838709679,43.65070161290323,10.157761904761909
402,461147100-10-K-20010330.txt,1036262,1210,1036262,2001,6.126048387096779,5.813290322580646,5.779835080645161,4.7264170634920655
403,404251100-10-K-20010327.txt,48287,1093,48287,2001,24.952419354838714,24.209314516129023,16.094164112903215,18.20695753968252
404,84265V105-10-K-20010402.txt,1001838,2062,1001838,2001,12.54778225806451,12.243649193548393,0.8920040322580642,1.0080126984126976
405,042744102-10-K-20010328.txt,717538,161,717538,2001,24.88306451612902,24.2292741935484,5.67343870967742,7.619578174603179
406,019222108-10-K-2001-09-28.txt,874710,69,874710,2001,3.3903225806451602,3.349096774193544,6.733435483870963,8.139801587301582
407,263578106-10-K-20010328.txt,895364,708,895364,2001,1.082643951612903,1.0138383064516128,8.189367338709681,27.319978968253974
408,149123101-10-K-20010315.txt,18230,404,18230,2001,49.343024193548366,47.879556451612885,15.73965241935484,15.97219007936507
409,168088102-10-K-20010329.txt,19871,626,19871,2001,20.289193548387104,20.183508064516147,11.689774596774194,15.395346825396825
410,55272X102-10-K-20010330.txt,1055160,1468,1055160,2001,7.486475806451618,7.2888427419354835,1.0630383064516131,1.4304079365079363
411,232806109-10-K-20010326.txt,791915,641,791915,2001,22.270927419354827,20.942943548387078,4.077441935483874,2.7544694444444437
412,871565107-10-K-20010326.txt,95953,2240,95953,2001,5.5432661290322605,5.3910887096774225,4.310531048387098,2.9034682539682533
413,142339100-10-K-20010309.txt,790051,592,790051,2001,35.584314516129034,34.652862903225795,13.494789516129035,15.757840873015876
414,16411R208-10-K-20010402.txt,3570,1386,3570,2001,1.959032258064516,1.873427419354839,0.963467741935484,0.5489285714285712
415,891027104-10-K-20010326.txt,320335,2309,320335,2001,38.59584677419353,37.75249999999999,14.450971370967741,14.409427380952366
416,00508X203-10-K-20011106.txt,6955,199,6955,2001,18.943709677419367,18.475282258064528,4.809494354838708,9.508039682539675
417,553829102-10-K-20011218.txt,1099941,1586,1099941,2001,10.834435483870974,10.650322580645165,5.812277419354838,4.683966269841269
418,948849104-10-K-20010330.txt,105418,2533,105418,2001,32.63342741935486,32.14169354838709,17.93170766129031,18.79839047619048
419,609027107-10-K-20010402.txt,907242,1449,907242,2001,5.864165322580643,5.700201612903227,2.9201633064516126,6.004595238095241
420,550819106-10-K-20010321.txt,60977,1358,60977,2001,10.818455645161293,10.48601209677419,10.66516532258065,12.510912698412698
421,007973100-10-K-20010327.txt,927003,50,927003,2001,28.92032258064516,26.906088709677423,27.952782258064516,21.433222222222227
422,827048109-10-K-20010329.txt,849869,2135,849869,2001,17.940995967741934,17.153358870967747,1.8489310483870969,3.2099496031746027
423,872386107-10-K-20010615.txt,927355,2275,927355,2001,15.069032258064516,14.362040322580645,4.6145399193548355,3.9197130952380936
424,003830106-10-K-20010402.txt,867665,220,867665,2001,3.4148064516129035,3.199576612903226,3.303596774193549,0.8327380952380957
425,139674105-10-K-20010330.txt,726601,424,726601,2001,23.555725806451612,23.089798387096767,10.83828870967742,14.284682142857148
426,640268108-10-K-20010301.txt,906709,1650,906709,2001,23.91096774193547,22.026290322580653,22.946290322580662,8.751626984126986
427,741503403-10-K-20010330.txt,1075531,1802,1075531,2001,4.949677419354838,4.4962096774193565,28.397419354838682,19.57619047619048
428,739276103-10-K-20010320.txt,833640,1888,833640,2001,19.872338709677415,18.411129032258074,17.98177661290323,16.510232539682537
429,437076102-10-K-20010423.txt,354950,1062,354950,2001,46.427741935483844,44.7745564516129,32.50612862903226,26.9217261904762
430,068463108-10-K-20010402.txt,902791,251,902791,2001,3.8183387096774175,3.763826612903225,2.003761693548385,1.8442888888888893
431,86722Q207-10-K-20010316.txt,1091973,2318,1091973,2001,6.595737903225812,6.326750000000002,6.21844314516129,4.559048412698415
432,373865104-10-K-20010323.txt,714395,963,714395,2001,15.600241935483876,15.058588709677437,5.48104072580645,6.519836904761903
433,868157108-10-K-20010327.txt,886835,2176,886835,2001,9.612358870967745,9.143689516129037,9.04424153225806,8.649371428571424
434,750459109-10-K-20010328.txt,873044,2028,873044,2001,20.39971774193549,19.13330645161291,19.79423387096775,12.040650793650789
435,549282101-10-K-20011206.txt,16099,1407,16099,2001,7.656661290322584,7.376342741935483,7.520895161290323,5.671428571428572
436,350060109-10-K-20010330.txt,352825,948,352825,2001,3.943721774193548,3.7805362903225808,3.7587620967741953,4.7213440476190485
437,589400100-10-K-20010328.txt,64996,1451,64996,2001,37.846370967741926,37.04959677419353,17.77873709677418,21.367774999999995
438,716578109-10-K-20010326.txt,77877,1810,77877,2001,6.478427419354843,6.17036693548387,6.3202661290322615,5.66574603174603
439,156431108-10-K-20010309.txt,949157,451,949157,2001,15.375846774193555,14.534004032258075,14.71595403225806,11.254265079365084
440,12673P105-10-K-20010608.txt,356028,381,356028,2001,31.786250000000013,30.266693548387114,23.737287096774182,13.169009126984141
441,390905107-10-K-20010329.txt,854560,1031,854560,2001,25.303709677419352,24.807096774193568,8.15479032258065,11.620447222222221
442,00738A106-10-K-20010330.txt,926282,42,926282,2001,25.105443548387104,23.664838709677444,9.342510483870967,9.030671428571429
443,757473103-10-K-20010330.txt,892222,339,892222,2001,1.7661895161290309,1.7005120967741931,1.7271249999999985,2.188853174603175
444,574599106-10-K-20010329.txt,62996,1427,62996,2001,23.72834677419353,23.02266129032259,13.668652822580645,14.517825000000006
445,256747106-10-K-20010330.txt,935703,694,935703,2001,25.509274193548396,24.33040322580645,8.320171370967742,10.124218650793653
446,852312305-10-K-20010329.txt,718937,2201,718937,2001,5.12685887096774,4.726520161290321,4.909205645161287,3.8105833333333368
447,604871103-10-K-20011015.txt,880432,1557,880432,2001,7.287366935483877,6.862975806451617,7.176399193548392,6.266087301587304
448,670837103-10-K-20010326.txt,1021635,1741,1021635,2001,22.577862903225828,22.103225806451622,5.560316129032256,5.311542063492066
449,493732101-10-K-20010329.txt,930420,1299,930420,2001,5.037584677419355,4.6841895161290354,4.128421370967741,3.828353968253972
450,709102107-10-K-20010330.txt,77281,1821,77281,2001,22.32362903225807,21.973870967741927,7.306853225806455,9.00922182539682
451,292052107-10-K-20010402.txt,906780,1724,906780,2001,5.842217741935487,5.4146370967741975,143.75745967741938,104.37202380952377
452,596680108-10-K-20010326.txt,66004,1549,66004,2001,32.88802419354837,32.11814516129035,9.023092338709672,9.863907539682529
453,863236105-10-K-20010316.txt,1013934,2214,1013934,2001,42.448104838709654,40.890564516128975,34.17043508064516,44.74232301587296
454,043168103-10-K-20010301.txt,7623,166,7623,2001,2.3232217741935464,2.3083951612903206,1.0322713709677418,1.2862289682539672
455,904607108-10-K-20010402.txt,100716,2402,100716,2001,6.019556451612905,5.949697580645161,4.880358064516127,4.080440873015866
456,053774105-10-K-20010329.txt,723612,396,723612,2001,16.566854838709677,15.9655241935484,23.5653370967742,22.03495555555556
457,037598109-10-K-20010518.txt,6845,147,6845,2001,11.545991935483872,10.724431451612915,8.333352419354846,9.205626984126983
458,978097103-10-K-20010330.txt,110471,2564,110471,2001,16.36334677419354,15.704395161290329,4.257920161290321,4.347345634920634
459,192025104-10-K-20010330.txt,806279,623,806279,2001,15.354919354838714,15.221290322580655,4.496594758064513,4.862421825396824
460,371532102-10-K-20010504.txt,18498,974,18498,2001,25.298387096774192,24.27209677419355,22.393833870967747,18.79163214285713
461,04269E107-10-K-20010322.txt,1019695,162,1019695,2001,16.193971774193553,14.960330645161294,15.533467741935489,8.146333333333331
462,500643200-10-K-2001-07-30.txt,56679,1301,56679,2001,15.15064516129032,14.533004032258065,14.296662903225801,8.304400396825391
463,297178105-10-K-20010330.txt,920522,826,920522,2001,49.72137096774192,49.0427822580645,26.198672983870978,28.358814285714267
464,878377100-10-K-2001-09-27.txt,842023,2267,842023,2001,31.083870967741923,29.289677419354852,26.356596370967736,25.98400833333332
465,001853100-10-K-20010629.txt,796505,508,796505,2001,7.026895161290324,6.522499999999992,6.789838709677412,2.2390079365079374
466,361438104-10-K-20010402.txt,1060349,968,1060349,2001,38.41479838709676,37.53600806451613,14.429295564516135,13.211513888888893
467,16150R104-10-K-20011128.txt,830524,428,830524,2001,11.593951612903226,11.434455645161293,4.143395564516129,3.8901809523809434
468,002824100-10-K-20010215.txt,1800,19,1800,2001,50.63504032258064,49.344758064516135,13.902413709677417,12.958575000000002
469,674631106-10-K-20010329.txt,350737,1730,350737,2001,1.1043842741935486,1.0511209677419355,0.9210116935483872,1.3244654761904775
470,683797104-10-K-20010329.txt,791963,1763,791963,2001,26.024959677419357,25.757217741935488,18.741945564516133,17.31257777777778
471,853887107-10-K-20010316.txt,93456,2183,93456,2001,23.878548387096785,23.40633064516129,11.702007258064516,12.25661587301588
472,294268107-10-K-20010629.txt,1022408,1867,1022408,2001,9.941326612903223,9.338887096774194,4.52556008064516,3.7185948412698417
473,282914100-10-K-20010524.txt,1023731,764,1023731,2001,1.4202201612903222,1.2342455645161292,1.3341431451612893,0.6189269841269843
474,911163103-10-K-20011023.txt,1020859,2405,1020859,2001,18.81689516129033,17.96096774193549,9.215887096774193,11.128333333333336
475,911363109-10-K-20010322.txt,1067701,2417,1067701,2001,20.70028225806452,19.89903225806452,20.34584677419353,17.635357142857128
476,293639100-10-K-20010321.txt,1067837,831,1067837,2001,44.62608870967741,42.90633064516129,33.942006048387086,38.190107142857144
477,517942108-10-K-20010327.txt,1053532,1370,1053532,2001,14.712258064516124,14.318427419354851,7.462497983870965,7.137869047619051
478,674599105-10-K-20010309.txt,797468,1779,797468,2001,26.464758064516143,25.74536290322582,8.02941814516129,8.946910317460313
479,920437100-10-K-2001-07-30.txt,717720,2440,717720,2001,41.85925927419353,40.62220806451614,13.169872177419359,14.3216246031746
480,278762109-10-K-20010313.txt,1001082,689,1001082,2001,28.922379032258057,27.272379032258037,19.92888427419353,15.595199206349205
481,62855J104-10-K-2001-09-28.txt,899923,1599,899923,2001,53.567983870967744,49.00826612903224,24.3870625,11.784859126984124
482,371559105-10-K-20010402.txt,1012620,1042,1012620,2001,26.128870967741946,25.163830645161294,4.27481814516129,6.300021428571428
483,30239F106-10-K-20010319.txt,1012771,891,1012771,2001,17.16471774193549,16.875362903225813,10.581468145161287,12.129497222222225
484,413160102-10-K-20010402.txt,851310,1084,851310,2001,9.9986370967742,8.98141935483871,9.504862903225806,5.77555158730159
485,939322103-10-K-20010320.txt,933136,2530,933136,2001,28.05052419354836,27.157540322580648,13.216252822580644,12.739853571428574
486,903213106-10-K-20010615.txt,315449,2415,315449,2001,6.119725806451613,5.81425806451613,6.0013548387096725,3.5447222222222217
487,05329W102-10-K-20010330.txt,350698,125,350698,2001,10.01162096774194,9.645245967741936,9.845504032258065,13.099444444444444
488,212485106-10-K-20010316.txt,1062047,622,1062047,2001,35.63818548387093,34.351975806451605,32.43444919354839,20.821699603174604
489,589584101-10-K-20011220.txt,794172,2467,794172,2001,4.831971774193551,4.5510685483870965,1.182056451612903,1.6985595238095232
490,49446R109-10-K-20010316.txt,879101,1304,879101,2001,45.70608870967743,45.09887096774196,6.91763991935484,7.58219325396826
491,983919101-10-K-20010612.txt,743988,2572,743988,2001,41.85056451612903,38.81153225806451,29.919714919354853,21.2215273809524
492,92532F100-10-K-20010326.txt,875320,2484,875320,2001,39.762298387096784,36.71092741935483,38.18366935483871,20.140238095238093
493,659310106-10-K-20010110.txt,72633,1672,72633,2001,18.664475806451602,18.34278225806451,4.264376209677418,5.635337301587308
494,184502102-10-K-20010320.txt,739708,436,739708,2001,54.349475806451615,52.369999999999955,14.087636693548394,10.828583730158739
495,442487203-10-K-20010129.txt,357294,1102,357294,2001,13.863120967741931,13.183411290322573,3.3931866935483885,7.482956349206343
496,70959W103-10-K-20010329.txt,1019849,1785,1019849,2001,15.139709677419354,14.499943548387096,2.8736419354838723,3.8397277777777785
497,171484108-10-K-20010319.txt,20212,471,20212,2001,29.33737903225804,28.49508064516132,23.94331008064518,31.10004285714284
498,151167301-10-K-20010329.txt,876378,2337,876378,2001,3.448629032258061,3.1512096774193554,16.488911290322584,7.294246031746028
499,941053100-10-K-20010321.txt,1057058,2507,1057058,2001,30.747620967741963,29.269314516129032,4.5553891129032245,4.99717976190476
500,303250104-10-K-20011228.txt,814547,899,814547,2001,59.613024193548355,57.638387096774224,21.449644758064498,24.16012142857143
501,237266101-10-K-20010330.txt,916540,654,916540,2001,0.7503145161290324,0.7383487903225803,0.7457701612903224,0.8862301587301579
502,032511107-10-K-20010315.txt,773910,143,773910,2001,59.3349193548387,57.154919354838725,25.767527016129012,21.56309722222223
503,749360400-10-K-20010301.txt,700841,1965,700841,2001,4.778447580645161,4.5278185483870965,2.1657705645161287,2.1488071428571422
504,205768203-10-K-20010309.txt,23194,575,23194,2001,9.41701612903226,8.942056451612906,43.36359274193547,35.780153174603164
505,302941109-10-K-20010329.txt,887936,877,887936,2001,21.147379032258065,20.26580645161291,9.223476612903221,22.6604507936508
506,64115T104-10-K-20010629.txt,1078075,1683,1078075,2001,7.341758064516138,6.727177419354838,7.0331451612903235,6.130250000000005
507,880779103-10-K-20010322.txt,97216,2278,97216,2001,19.531532258064534,18.979838709677416,4.635832661290324,4.512021428571427
508,05379B107-10-K-20010308.txt,104918,206,104918,2001,16.748306451612912,16.199758064516136,8.900110483870973,7.198893650793649
509,410761100-10-K-20010402.txt,1040719,2498,1040719,2001,6.977419354838709,6.848870967741934,132.22734959677425,166.97851785714292
510,816850101-10-K-20010427.txt,88941,2148,88941,2001,32.981895161290325,30.729677419354857,31.90770161290323,24.309761904761906
511,879939106-10-K-20010330.txt,1013880,2349,1013880,2001,10.532048387096776,9.92208467741936,9.826691935483874,9.300807539682543
512,520776105-10-K-20010328.txt,703604,1346,703604,2001,27.059999999999995,26.178790322580657,20.586531451612906,22.819071031746034
513,398433102-10-K-20011221.txt,50725,988,50725,2001,10.365600806451608,9.934173387096775,9.547886290322577,14.205628968253965
514,260174107-10-K-20010227.txt,1017673,727,1017673,2001,13.20661290322581,12.85592741935484,10.118318951612904,6.061148015873019
515,709631105-10-K-20010319.txt,77360,1881,77360,2001,32.42524193548386,31.41999999999999,11.79546733870968,14.961016269841267
516,302182100-10-K-20010301.txt,885721,825,885721,2001,70.86624999999995,67.66294354838713,5.917987903225808,6.4182150793650825
517,298736109-10-K-20010314.txt,1029199,756,1029199,2001,10.175600806451612,9.636165322580649,9.959189516129033,12.322476190476198
518,037411105-10-K-20010323.txt,6769,141,6769,2001,55.274717741935476,53.307661290322606,19.681976209677416,22.127224206349204
519,09061G101-10-K-20010320.txt,1048477,318,1048477,2001,11.327665322580645,10.691137096774195,11.0434556451613,7.282674603174603
520,000360206-10-K-20010327.txt,824142,4,824142,2001,22.990645161290328,22.03185483870968,1.8945153225806457,2.9745611111111105
521,911805109-10-K-2001-08-29.txt,101594,2424,101594,2001,4.0743991935483885,3.7297177419354814,23.225448387096797,21.467051984126986
522,75281A109-10-K-20010306.txt,315852,2024,315852,2001,5.4958185483870965,5.222306451612903,3.4304459677419383,3.1788031746031735
523,452525306-10-K-20010330.txt,811641,1150,811641,2001,2.889334677419356,2.7178588709677403,2.8008346774193535,2.554369047619046
524,109043109-10-K-2001-09-12.txt,14195,280,14195,2001,40.65282258064514,39.508306451612896,6.232788306451613,6.424608333333336
525,800422107-10-K-2001-09-19.txt,880117,1255,880117,2001,5.20377016129032,4.991725806451614,3.8275310483870917,5.2326146825396815
526,267475101-10-K-20011010.txt,67215,736,67215,2001,17.700443548387085,16.779677419354847,17.207701612903215,12.804166666666665
527,858155203-10-K-20010517.txt,1050825,2071,1050825,2001,13.511048387096775,13.1046370967742,7.427101209677421,7.733173412698414
528,29380T105-10-K-20010330.txt,1045450,804,1045450,2001,16.449596774193544,16.073346774193553,5.311728629032258,7.96489166666667
529,492914106-10-K-2001-09-27.txt,318996,1289,318996,2001,10.548336693548388,9.972862903225804,10.269697580645156,9.28511904761904
530,90328M107-10-K-20010330.txt,896264,2429,896264,2001,1.9422500000000005,1.7766411290322577,0.4610161290322581,1.3400773809523812
531,800907107-10-K-20011221.txt,897723,2049,897723,2001,26.699435483870968,24.59245967741937,149.31641129032258,47.80930952380949
532,31942D107-10-K-20010330.txt,840489,876,840489,2001,6.615052419354848,6.358935483870965,2.10371008064516,2.8689738095238098
533,296056104-10-K-20010316.txt,33488,816,33488,2001,28.310645161290346,27.93213709677422,3.1653181451612933,6.876321428571429
534,140475104-10-K-20010321.txt,1043000,595,1043000,2001,2.0812782258064515,2.017221774193548,2.0515000000000008,3.062857142857143
535,679580100-10-K-20010316.txt,878927,1736,878927,2001,11.027197580645161,10.629500000000009,0.4210737903225808,0.6544253968253964
536,594972408-10-K-20010402.txt,1050446,1558,1050446,2001,5.22582661290323,4.6717499999999985,49.24108870967741,17.52305952380953
537,23331A109-10-K-20011120.txt,882184,682,882184,2001,24.302540322580644,23.206451612903226,6.183426612903223,8.948842460317461
538,69336T205-10-K-20010402.txt,350403,1845,350403,2001,17.547620967741942,17.302459677419364,17.430967741935483,27.236150793650808
539,866942105-10-K-20010312.txt,1024795,2156,1024795,2001,7.58319758064516,7.523923387096769,1.3205403225806436,1.4459043650793653
540,004446100-10-K-2001-09-28.txt,2034,21,2034,2001,9.459717741935492,9.26487903225807,1.969413306451614,2.384711507936509
541,892918103-10-K-20010328.txt,1017303,2247,1017303,2001,6.297653225806455,5.874814516129033,3.3755580645161287,2.8940404761904754
542,315616102-10-K-20011228.txt,1048695,894,1048695,2001,14.232020161290318,12.87418145161291,6.78755846774194,7.047714285714284
543,420261109-10-K-20011221.txt,46250,1133,46250,2001,8.715134677419352,8.530334677419358,5.560469354838706,6.124132539682537
544,03073E105-10-K-20011228.txt,1140859,11,1140859,2001,57.74504032258064,55.91258064516129,11.887817741935484,14.263095634920633
545,871503108-10-K-20010622.txt,849399,2239,849399,2001,53.27249999999993,50.297298387096774,4.7384499999999985,6.594575396825398
546,854305208-10-K-20010206.txt,797465,2210,797465,2001,26.768346774193567,26.04959677419355,6.525140725806455,6.503837698412702
547,942749102-10-K-20010316.txt,795403,2556,795403,2001,15.044475806451619,14.57108870967742,12.003150403225806,14.036594444444445
548,88554D205-10-K-20010316.txt,910638,662,910638,2001,13.769782258064525,13.007379032258074,4.482507661290323,3.4582460317460297
549,297602104-10-K-2001-09-17.txt,896156,830,896156,2001,35.622459677419364,34.58258064516129,23.455023387096766,24.110788095238096
550,019330109-10-K-2001-09-21.txt,46129,113,46129,2001,3.63100806451613,3.3722177419354824,3.5128181451612903,2.540580952380953
551,156700106-10-K-20010322.txt,18926,605,18926,2001,31.803911290322553,30.97427419354839,13.993396774193544,13.183921825396824
552,296643109-10-K-20010306.txt,1094831,279,1094831,2001,16.653588709677418,15.475161290322585,7.669685887096777,5.311769841269845
553,452907108-10-K-2001-09-28.txt,722830,1189,722830,2001,16.249044354838723,15.177266129032267,15.725822580645168,10.189611111111118
554,92932Q102-10-K-20011119.txt,104897,2545,104897,2001,2.14108870967742,2.05295564516129,1.417177822580646,0.8907412698412706
555,580589109-10-K-20010330.txt,752714,1484,752714,2001,24.201733870967736,23.364274193548408,7.218079838709673,7.92918928571429
556,940610108-10-K-20010316.txt,737468,2500,737468,2001,18.676169354838727,18.150080645161303,10.664662903225807,11.871253968253978
557,G7496G103-10-K-20010402.txt,913144,2012,913144,2001,79.23475806451614,77.20584677419355,20.45879072580646,29.29662063492063
558,42366C103-10-K-20010403.txt,946644,1067,946644,2001,4.787697580645159,4.5732338709677425,56.16633870967744,33.909047619047605
559,784305104-10-K-20010321.txt,766829,2125,766829,2001,85.3739516129032,83.98040322580646,4.429887500000002,4.392238492063491
560,040712101-10-K-20011228.txt,779544,156,779544,2001,7.648814516129031,7.483879032258071,3.352065322580644,3.180881349206349
561,814785309-10-K-20010416.txt,318673,2154,318673,2001,2.426185483870968,2.3899475806451616,0.9881169354838729,1.5349611111111126
562,008252108-10-K-20010402.txt,1004434,108,1004434,2001,60.812298387096774,58.830080645161296,26.471393548387123,26.10264563492064
563,958102105-10-K-2001-09-27.txt,106040,2508,106040,2001,4.202891129032257,3.9065241935483854,3.5491612903225778,4.940312698412696
564,595137100-10-K-20011224.txt,310568,1547,310568,2001,43.99850806451611,40.45754032258065,4.649067741935483,2.8635734126984107
565,228227104-10-K-20010330.txt,1051470,429,1051470,2001,16.2199193548387,15.220766129032253,13.63357096774193,3.9272869047619023
566,15643B106-10-K-20010319.txt,1019650,2335,1019650,2001,4.456665322580641,4.059020161290321,4.2582782258064515,2.5449563492063514
567,17453B101-10-K-20010309.txt,20520,952,20520,2001,12.183427419354832,11.766209677419353,41.46255967741934,30.54866706349208
568,052769106-10-K-20010427.txt,769397,41,769397,2001,36.03104838709678,34.346129032258055,8.611552016129036,7.770623412698412
569,592688105-10-K-20010322.txt,1037646,1561,1037646,2001,46.38016129032258,44.9291935483871,45.63649193548388,36.84154761904763
570,552690109-10-K-20010302.txt,67716,1461,67716,2001,30.745685483870968,29.991088709677413,8.372183064516129,7.503157936507937
571,909907107-10-K-20010329.txt,729986,2377,729986,2001,25.22169354838709,24.595725806451625,13.163776209677415,15.940130158730154
572,141728105-10-K-20010329.txt,1070602,400,1070602,2001,15.411895161290328,14.287258064516143,162.996935483871,48.643702380952355
573,210226106-10-K-20010316.txt,23795,606,23795,2001,17.363951612903215,17.025161290322593,15.896115322580636,17.977861111111103
574,277276101-10-K-20010314.txt,49600,767,49600,2001,22.413306451612907,22.046411290322588,9.890345564516126,11.895308730158726
575,511637100-10-K-20010329.txt,846901,1349,846901,2001,13.211947580645154,12.620814516129037,4.90792137096774,7.4498876984127
576,110122108-10-K-20010402.txt,14272,321,14272,2001,58.142258064516106,56.4920564516129,29.80877862903225,16.48198333333334
577,42217K106-10-K-20010326.txt,766704,1059,766704,2001,23.070967741935462,22.640282258064524,8.280345161290322,10.963955952380942
578,577933104-10-K-20011221.txt,1032220,1512,1032220,2001,38.23141129032256,36.88161290322583,8.455337499999999,6.407453571428572
579,501044101-10-K-20010502.txt,56873,1322,56873,2001,24.727943548387085,24.004354838709677,10.167076612903227,7.960976190476187
580,751452202-10-K-20010312.txt,842183,2023,842183,2001,16.127903225806453,15.909435483870974,5.375047580645164,6.967398809523809
581,33741H107-10-K-20010322.txt,763907,956,763907,2001,14.593669354838704,14.32487903225807,9.985804838709686,11.924558333333339
582,632347100-10-K-20010621.txt,69733,1611,69733,2001,3.3784314516129035,3.29208064516129,2.1118770161290312,2.3027579365079367
583,211615307-10-K-20010330.txt,24104,617,24104,2001,18.95975806451612,18.922903225806447,18.951209677419353,25.990595238095263
584,817565104-10-K-20010330.txt,89089,2067,89089,2001,5.540120967741934,5.227983870967741,4.3320080645161285,3.1612226190476185
585,311642102-10-K-20010402.txt,917491,861,917491,2001,2.4866774193548378,2.395600806451612,2.4422056451612897,2.075555555555555
586,150602209-10-K-20010402.txt,761648,442,761648,2001,3.4806854838709698,3.3398387096774225,5.168687096774192,6.932706349206346
587,84760T100-10-K-20010320.txt,1072048,2195,1072048,2001,12.125802469135802,11.649987654320984,2.2439271604938265,5.0171087301587285
588,225223304-10-K-20010402.txt,949158,569,949158,2001,2.365564516129032,2.1536693548387102,9.026451612903227,15.343968253968253
589,243537107-10-K-20010330.txt,910521,668,910521,2001,4.113467741935481,3.9236935483870936,1.3387907258064529,1.478973015873016
590,35138T107-10-K-2001-09-28.txt,1068002,935,1068002,2001,34.325,33.486854838709704,13.254251612903225,9.932369444444443
591,854231107-10-K-2001-09-20.txt,310354,2234,310354,2001,22.710483870967746,22.324637096774183,16.06755927419354,16.9328357142857
592,36225V104-10-K-20010410.txt,70415,1023,70415,2001,4.098862903225807,3.894834677419353,4.00753629032258,4.395396825396825
593,828730200-10-K-20010326.txt,90498,2085,90498,2001,29.872379032258056,29.289516129032254,9.804120161290324,11.993918650793658
594,502424104-10-K-20010315.txt,1056239,1377,1056239,2001,82.61173387096773,79.91133064516133,30.613820161290306,39.17049047619048
595,957090103-10-K-20010330.txt,311094,2497,311094,2001,38.37991935483872,37.45306451612905,24.061913709677444,26.664129761904764
596,901476101-10-K-2001-09-21.txt,100378,2362,100378,2001,14.69520161290322,14.576693548387105,2.569343548387096,2.6667246031746035
597,889478103-10-K-20010112.txt,794170,2314,794170,2001,36.63411290322578,35.13108870967743,8.896141532258069,12.026319444444448
598,654106103-10-K-2001-08-09.txt,320187,1648,320187,2001,47.59024193548385,46.06939516129032,4.712720967741936,5.16683492063492
599,630077105-10-K-20010330.txt,704532,1609,704532,2001,23.17927419354838,21.39975806451612,22.280362903225818,11.700154761904766
600,381370105-10-K-20010314.txt,42316,1039,42316,2001,0.5625302419354842,0.5195564516129033,0.5404233870967741,0.4580158730158733
601,747582104-10-K-20010629.txt,708818,1946,708818,2001,11.708016129032268,11.368810483870972,1.0108201612903227,1.507435714285713
602,462846106-10-K-20010323.txt,1020569,1228,1020569,2001,40.60790322580644,39.84258064516127,6.761312499999995,7.484287301587304
603,09058V103-10-K-20010328.txt,882796,260,882796,2001,5.175991935483877,4.7674435483870985,4.95998790322581,2.551789682539681
604,539830109-10-K-20010309.txt,936468,1382,936468,2001,40.16092741935484,38.999274193548366,26.010718951612915,38.98527896825399
605,448947101-10-K-20011029.txt,1005731,1160,1005731,2001,12.845935483870967,12.385483870967741,10.755553548387097,15.298588492063484
606,758075402-10-K-20010402.txt,930236,2038,930236,2001,22.563991935483863,22.17608870967743,4.580938709677417,6.1931448412698415
607,382410405-10-K-20010328.txt,943861,977,943861,2001,5.481004032258066,5.323673387096777,5.4005,3.4564682539682536
608,576853105-10-K-2001-08-15.txt,866273,1569,866273,2001,6.400245967741937,6.149701612903232,1.5690544354838702,2.059016269841269
609,207797101-10-K-20010326.txt,276209,610,276209,2001,32.710161290322574,31.52262096774196,14.25992903225807,16.43112142857143
610,806882106-10-K-20011129.txt,912603,2065,912603,2001,13.496411290322587,13.182540322580644,3.531235080645164,4.975056349206348
611,177376100-10-K-20010322.txt,877890,611,877890,2001,28.096572580645148,26.143104838709696,17.11948991935484,7.037729365079361
612,049079205-10-K-20010329.txt,879585,192,879585,2001,13.258346774193546,13.121854838709686,3.352782661290324,3.758705158730161
613,077347201-10-K-20010319.txt,729580,271,729580,2001,27.18213709677418,25.823750000000025,22.032107258064503,19.077688095238088
614,68162K106-10-K-20010330.txt,917470,2586,917470,2001,3.1852862903225807,2.93899193548387,2.852187499999999,3.9304523809523815
615,232517102-10-K-20010330.txt,768411,643,768411,2001,13.48724596774193,12.593370967741931,13.022661290322585,8.625238095238089
616,Y2573F102-10-K-20010629.txt,866374,909,866374,2001,25.95068548387096,23.96657258064518,24.980967741935483,12.444190476190471
617,096231105-10-K-2001-07-02.txt,778946,372,778946,2001,2.092975806451611,1.9788346774193544,2.0220383064516114,3.457566666666668
618,874054109-10-K-20010129.txt,946581,2353,946581,2001,15.126572580645176,14.089879032258075,9.744370967741931,15.325598809523814
619,237690102-10-K-20010327.txt,351998,652,351998,2001,2.20808870967742,2.079282258064516,2.140471774193549,1.203444444444445
620,74144T108-10-K-20010326.txt,1113169,2331,1113169,2001,35.275322580645145,34.06915322580647,11.805767741935485,11.174357142857149
621,253651103-10-K-20010313.txt,28823,657,28823,2001,33.616612903225786,32.673790322580665,21.120304435483888,24.253205555555553
622,45765U103-10-K-20010327.txt,932696,1676,932696,2001,21.343548387096792,20.062580645161304,20.758266129032236,17.673726190476184
623,451055107-10-K-20010501.txt,857737,1152,857737,2001,2.123184274193548,1.9410004032258068,2.046127822580643,2.5300476190476195
624,366651107-10-K-20011228.txt,749251,1237,749251,2001,9.12191532258064,8.720241935483866,8.940120967741928,10.252222222222224
625,855668109-10-K-2001-09-20.txt,93676,2074,93676,2001,20.63568548387095,20.39153225806451,11.95095120967742,12.297775793650784
626,902673102-10-K-20010326.txt,914156,2385,914156,2001,1.5449112903225817,1.4883185483870993,1.5240282258064533,1.2108333333333328
627,318522307-10-K-20010330.txt,36047,509,36047,2001,22.273387096774183,21.447016129032267,5.9848080645161295,5.729868253968254
628,233377407-10-K-20010417.txt,1020710,733,1020710,2001,0.9876580645161288,0.9744927419354836,0.4914943548387098,0.5674206349206343
629,402629109-10-K-20010319.txt,1030749,1008,1030749,2001,30.750080645161294,29.330362903225822,13.924751209677412,15.580101587301593
630,003654100-10-K-20010628.txt,815094,18,815094,2001,20.979112903225808,19.29036290322582,20.061491935483872,7.379138888888892
631,45254P102-10-K-20010330.txt,1000298,1186,1000298,2001,6.1491935483871005,5.897177419354835,28.538311290322557,56.63598293650794
632,16444H102-10-K-20010402.txt,844161,476,844161,2001,9.322758064516128,9.121044354838713,4.394558870967743,7.813306746031746
633,132011107-10-K-20010319.txt,820081,417,820081,2001,44.779717741935464,43.46258064516129,19.522620161290316,16.416998809523808
634,625383104-10-K-20010627.txt,819220,1339,819220,2001,14.679,14.047161290322585,6.0835939516129,8.871898412698409
635,216831107-10-K-20010322.txt,24491,600,24491,2001,14.045120967741926,13.574596774193553,9.152850403225807,12.568910714285725
636,172755100-10-K-20010622.txt,772406,582,772406,2001,18.704108870967747,17.137741935483874,17.890403225806452,9.250031746031745
637,404132102-10-K-20010402.txt,888919,1057,888919,2001,25.765322580645147,25.01298387096775,8.561261290322577,8.580200793650796
638,103304101-10-K-20010313.txt,906553,377,906553,2001,4.785076612903229,4.55275,4.328041129032257,12.639203174603177
639,641234109-10-K-20010309.txt,1068144,1634,1068144,2001,1.3629435483870962,1.2654032258064518,5.00092459677419,3.737556349206349
640,670002104-10-K-20010329.txt,1000694,1701,1000694,2001,10.894475806451615,10.333165322580642,10.674435483870967,6.030392857142859
641,46145F105-10-K-20010329.txt,920424,1238,920424,2001,52.76342741935483,50.88923387096772,33.901443145161245,34.87840079365079
642,767754104-10-K-20010521.txt,84129,1951,84129,2001,6.638975806451618,6.297987903225803,6.481508064516133,2.645357142857144
643,45253H101-10-K-2001-09-28.txt,855654,1185,855654,2001,16.38580645161291,15.048016129032268,15.704612903225815,6.055694444444447
644,05453N100-10-K-20010328.txt,1015739,218,1015739,2001,8.924334677419354,8.2138306451613,3.870345967741937,1.8920603174603168
645,422819102-10-K-20010329.txt,1066605,1118,1066605,2001,25.5509677419355,24.179495967741943,19.114529435483867,13.222693253968256
646,682680103-10-K-20010326.txt,1039684,1749,1039684,2001,29.64193548387094,28.820000000000014,4.404895564516129,4.523937301587303
647,512815101-10-K-20010323.txt,1090425,1342,1090425,2001,39.68846774193547,38.181008064516114,30.619845564516112,28.500471825396822
648,63910B102-10-K-20010330.txt,1078207,1652,1078207,2001,31.501209677419357,29.53068548387095,20.619708870967738,25.23410436507938
649,296650104-10-K-2001-09-28.txt,33533,824,33533,2001,18.62838709677418,18.53060483870967,3.4886161290322617,3.916177380952381
650,293792107-10-K-20010322.txt,1061219,802,1061219,2001,41.190403225806406,40.24596774193548,3.7928302419354827,4.164774206349206
651,95082P105-10-K-20010402.txt,929008,2505,929008,2001,7.728633064516133,7.408258064516129,7.577729838709678,5.61876984126984
652,163072101-10-K-20010308.txt,887596,390,887596,2001,33.77508064516129,32.43532258064517,16.700135887096778,21.252245634920648
653,09062X103-10-K-20010402.txt,875045,291,875045,2001,63.98161290322579,59.767540322580615,56.99572580645164,47.46861111111114
654,049904105-10-K-20010402.txt,701288,195,701288,2001,22.859072580645176,22.009556451612912,17.589565322580643,20.20624206349208
655,875465106-10-K-20010330.txt,899715,2127,899715,2001,21.79459677419355,21.438427419354856,2.460126209677421,3.4487833333333358
656,482738101-10-K-20010208.txt,1007587,1335,1007587,2001,6.764919354838716,6.399641129032258,6.6114959677419405,7.317035714285716
657,637546102-10-K-20010403.txt,865058,1675,865058,2001,13.20342741935485,13.057862903225816,6.403978629032255,7.945134126984134
658,948741103-10-K-20010313.txt,828916,2542,828916,2001,45.50560483870965,44.82520161290322,7.582022177419358,9.671139682539687
659,405024100-10-K-20010625.txt,313143,1047,313143,2001,33.068306451612905,32.29939516129033,16.365967741935485,13.692599206349206
660,294100102-10-K-20011029.txt,316253,797,316253,2001,23.599475806451593,22.394435483870975,20.64268750000003,15.68873055555556
661,018772103-10-K-2001-09-06.txt,939930,137,939930,2001,8.016346774193545,7.610306451612903,66.11715967741938,57.94137301587306
662,922417100-10-K-20010314.txt,103145,2450,103145,2001,40.81689516129031,37.91508064516129,39.34419354838708,21.71091269841269
663,458118106-10-K-20010629.txt,703361,1161,703361,2001,34.62100806451611,31.833830645161303,33.19770161290324,19.748956349206342
664,30161N101-10-K-20010402.txt,1109357,850,1109357,2001,58.50399193548385,56.91282258064518,15.351453225806456,13.771419841269848
665,377316104-10-K-20010320.txt,41719,1010,41719,2001,14.397661290322578,14.009354838709676,8.89304596774194,10.03181468253968
666,354613101-10-K-20011226.txt,38777,272,38777,2001,40.88782258064516,39.739959677419364,10.24314516129032,9.559993650793656
667,276317104-10-K-20010323.txt,31107,787,31107,2001,14.2274193548387,14.099637096774185,6.197720564516131,6.134416269841272
668,28225C806-10-K-2001-09-28.txt,1066194,762,1066194,2001,2.4803911290322582,2.2202943548387104,23.401895161290323,5.7285
669,151020104-10-K-20010321.txt,816284,449,816284,2001,28.023266129032244,25.92975806451614,3.3702415322580626,2.608842857142857
670,894650100-10-K-20010301.txt,850429,2280,850429,2001,18.629032258064527,17.979838709677427,14.154539919354846,14.283321031746025
671,970646105-10-K-20010402.txt,1018164,2529,1018164,2001,8.641471774193553,8.395322580645162,8.522350806451618,4.606515873015873
672,811904101-10-K-20010402.txt,859598,498,859598,2001,45.59459677419356,44.21685483870966,15.563328225806456,15.192147619047626
673,989070602-10-K-20010402.txt,109177,1111,109177,2001,18.411532258064522,18.134395161290332,2.4082375000000016,3.36147976190476
674,776696106-10-K-20010126.txt,882835,2019,882835,2001,40.34334677419355,39.07439516129031,17.849058064516125,18.384735714285718
675,44107P104-10-K-20010402.txt,1070750,1120,1070750,2001,11.436774193548384,11.136250000000002,6.869603629032262,6.4917289682539705
676,88162F105-10-K-20010330.txt,844965,2351,844965,2001,21.57028225806452,20.63612903225807,4.558713709677421,4.936994444444443
677,675232102-10-K-20010329.txt,73756,1746,73756,2001,21.008709677419343,20.160161290322595,4.544726209677423,5.55140515873016
678,852857200-10-K-20010402.txt,1082923,2212,1082923,2001,2.944084677419352,2.7722379032258067,3.9079540322580644,5.8465785714285765
679,577767106-10-K-20010323.txt,319815,1594,319815,2001,16.17662096774193,15.158145161290328,15.718508064516135,8.311333333333332
680,294549100-10-K-20010315.txt,33213,809,33213,2001,48.80971774193547,47.624153225806424,12.816331048387086,13.539532936507928
