,filename,CENTRAL INDEX KEY:,symbol,year,close_adjusted
0,749360400-10-K-2004-03-18.txt,700841,700841,2005,2.4015833333333325
1,147448104-10-K-2004-06-25.txt,911177,911177,2005,12.905821428571436
2,219023108-10-K-2004-03-12.txt,1046257,1046257,2005,18.809432539682554
3,257651109-10-K-2004-10-07.txt,29644,29644,2005,13.251888888888883
4,29476L107-10-K-2004-03-12.txt,906107,906107,2005,19.33630238095237
5,960878106-10-K-2004-03-15.txt,106455,106455,2005,24.80555357142857
6,105368203-10-K-2004-03-12.txt,790816,790816,2005,14.135371825396822
7,60871R209-10-K-2004-03-12.txt,24545,24545,2005,25.511128174603186
8,847788106-10-K-2004-03-15.txt,934648,934648,2005,25.867273015873014
9,371927104-10-K-2004-03-29.txt,1022321,1022321,2005,4.768934920634922
10,35138T107-10-K-2004-09-10.txt,1068002,1068002,2005,13.32426349206349
11,854616109-10-K-2004-03-16.txt,93556,93556,2005,33.94890912698411
12,73278L105-10-K-2004-03-01.txt,945841,945841,2005,27.88619920634921
13,594972408-10-K-2004-03-12.txt,1050446,1050446,2005,65.85788492063492
14,552690109-10-K-2004-02-27.txt,67716,67716,2005,13.901816666666678
15,871503108-10-K-2004-06-14.txt,849399,849399,2005,15.449073809523814
16,032159105-10-K-2004-07-23.txt,6207,6207,2005,21.744885714285694
17,055645303-10-K-2004-12-14.txt,14846,14846,2005,10.133269444444439
18,410495105-10-K-2004-03-15.txt,1109242,1109242,2005,120.87926825396823
19,171798101-10-K-2004-03-11.txt,1168054,1168054,2005,37.03893611111109
20,319383105-10-K-2004-03-12.txt,314489,314489,2005,38.297494047619075
21,704326107-10-K-2004-07-20.txt,723531,723531,2005,22.251888492063493
22,001853100-10-K-2004-06-29.txt,796505,796505,2005,1.4025396825396832
23,858119100-10-K-2004-03-12.txt,1022671,1022671,2005,6.207341666666665
24,670002104-10-K-2004-03-15.txt,1000694,1000694,2005,2.1152892857142858
25,716748108-10-K-2004-03-12.txt,872248,872248,2005,29.59825079365077
26,359694106-10-K-2004-02-25.txt,39368,39368,2005,13.149209523809526
27,53220K207-10-K-2004-03-12.txt,886163,886163,2005,35.07425714285713
28,431573104-10-K-2004-12-07.txt,47518,47518,2005,28.59841944444443
29,040047102-10-K-2004-03-01.txt,1080709,1080709,2005,78.83634126984126
30,007094105-10-K-2004-02-25.txt,1000753,1000753,2005,9.346636904761905
31,774678403-10-K-2004-05-25.txt,785815,785815,2005,9.915176190476195
32,553530106-10-K-2004-11-09.txt,1003078,1003078,2005,25.04267698412698
33,100557107-10-K-2004-03-11.txt,949870,949870,2005,23.458690476190487
34,029683109-10-K-2004-07-14.txt,713425,713425,2005,3.152973015873016
35,703343103-10-K-2004-03-29.txt,76605,76605,2005,4.408819047619048
36,83545R108-10-K-2004-12-03.txt,1029744,1029744,2005,12.751365079365069
37,000361105-10-K-2004-07-22.txt,1750,1750,2005,14.359951587301598
38,62914B100-10-K-2004-03-12.txt,1065332,1065332,2005,3.282026587301586
39,291087203-10-K-2004-06-29.txt,32621,32621,2005,1.441527777777779
40,050757103-10-K-2004-02-25.txt,807707,807707,2005,15.110992063492056
41,377316104-10-K-2004-03-15.txt,41719,41719,2005,9.803663095238099
42,826919102-10-K-2004-01-27.txt,1038074,1038074,2005,31.080793650793648
43,151020104-10-K-2004-03-15.txt,816284,816284,2005,10.937004365079362
44,98235T107-10-K-2004-02-20.txt,1137861,1137861,2005,24.32208333333333
45,493732101-10-K-2004-03-11.txt,930420,930420,2005,8.505663888888893
46,896818101-10-K-2004-06-03.txt,1021162,1021162,2005,17.711424206349207
47,278715206-10-K-2004-03-30.txt,814549,814549,2005,1.5744277777777786
48,280358102-10-K-2004-03-30.txt,1017968,1017968,2005,4.9174722222222185
49,74386T105-10-K-2004-03-15.txt,1178970,1178970,2005,11.619691269841269
50,283677854-10-K-2004-03-15.txt,31978,31978,2005,16.735998809523803
51,30161Q104-10-K-2004-02-20.txt,939767,939767,2005,7.752519444444445
52,876664103-10-K-2004-03-09.txt,890319,890319,2005,18.821401984126986
53,29084Q100-10-K-2004-02-26.txt,105634,105634,2005,6.2925543650793685
54,769397100-10-K-2004-06-02.txt,1041368,1041368,2005,9.36107420634922
55,55261F104-10-K-2004-02-26.txt,36270,36270,2005,73.32574642857145
56,729132100-10-K-2004-12-08.txt,785786,785786,2005,14.739146825396825
57,09061G101-10-K-2004-02-27.txt,1048477,1048477,2005,7.364305555555558
58,808541106-10-K-2004-03-11.txt,1000623,1000623,2005,9.944989682539687
59,001765106-10-K-2004-02-27.txt,6201,6201,2005,28.1113104477612
60,637546102-10-K-2004-03-31.txt,865058,865058,2005,12.632158730158725
61,231082108-10-K-2004-03-15.txt,1058623,1058623,2005,102.80412698412692
62,015271109-10-K-2004-03-15.txt,1035443,1035443,2005,49.62466706349206
63,046220109-10-K-2004-12-14.txt,1001258,1001258,2005,23.4754873015873
64,526057104-10-K-2004-03-01.txt,920760,920760,2005,50.57874166666667
65,146875109-10-K-2004-06-29.txt,1016178,1016178,2005,212.5214186507938
66,171484108-10-K-2004-03-15.txt,20212,20212,2005,34.53847182539681
67,398231100-10-K-2004-02-25.txt,1037390,1037390,2005,22.539504365079377
68,758075402-10-K-2004-03-12.txt,930236,930236,2005,16.92953373015873
69,646025106-10-K-2004-12-01.txt,356309,356309,2005,9.582918253968254
70,276317104-10-K-2004-03-22.txt,31107,31107,2005,10.955152380952379
71,969199108-10-K-2004-03-12.txt,895450,895450,2005,17.131706349206354
72,242370104-10-K-2004-03-15.txt,931336,931336,2005,46.94755476190479
73,681936100-10-K-2004-02-20.txt,888491,888491,2005,5.302148412698416
74,806605101-10-K-2004-02-26.txt,310158,310158,2005,18.869502380952387
75,502161102-10-K-2004-03-15.txt,703360,703360,2005,24.730822619047643
76,55277P104-10-K-2004-03-15.txt,1161728,1161728,2005,15.210699206349199
77,020002101-10-K-2004-03-11.txt,899051,899051,2005,40.62756190476192
78,853887107-10-K-2004-03-02.txt,93456,93456,2005,18.549596825396836
79,638522102-10-K-2004-03-15.txt,70684,70684,2005,185.87492460317452
80,925815102-10-K-2004-03-11.txt,751978,751978,2005,12.393190079365072
81,682680103-10-K-2004-03-03.txt,1039684,1039684,2005,7.925630158730156
82,124867102-10-K-2004-02-20.txt,721447,721447,2005,6.579672222222222
83,948741103-10-K-2004-03-15.txt,828916,828916,2005,18.07283571428573
84,69351T106-10-K-2004-03-01.txt,922224,922224,2005,15.750350793650801
85,31787A101-10-K-2004-07-14.txt,1094739,1094739,2005,11.018412698412694
86,723484101-10-K-2004-03-15.txt,764622,764622,2005,24.12799801587301
87,759916109-10-K-2004-06-14.txt,730272,730272,2005,2.593602777777776
88,297602104-10-K-2004-09-10.txt,896156,896156,2005,25.038624206349212
89,893617209-10-K-2004-03-30.txt,733590,733590,2005,18.831038095238085
90,029174109-10-K-2004-04-16.txt,1102238,1102238,2005,9.462637301587305
91,693475105-10-K-2004-03-12.txt,713676,713676,2005,40.83068769841272
92,45816D100-10-K-2004-03-30.txt,320340,320340,2005,2.23873492063492
93,854305208-10-K-2004-02-20.txt,797465,797465,2005,12.015240079365073
94,867931305-10-K-2004-03-11.txt,895665,895665,2005,1286.945
95,904708104-10-K-2004-11-12.txt,717954,717954,2005,36.212308730158725
96,260095104-10-K-2004-03-09.txt,1162556,1162556,2005,4.6202432539682565
97,165303108-10-K-2004-03-15.txt,19745,19745,2005,13.350765476190462
98,345370860-10-K-2004-03-12.txt,37996,37996,2005,7.713602777777772
99,699173209-10-K-2004-12-14.txt,857005,857005,2005,15.082440476190481
100,298736109-10-K-2004-03-15.txt,1029199,1029199,2005,27.66001984126984
101,232828301-10-K-2004-05-14.txt,799698,799698,2005,32.99625198412695
102,217204106-10-K-2004-10-14.txt,900075,900075,2005,5.946418650793649
103,55264U108-10-K-2004-03-12.txt,1139812,1139812,2005,32.33489325396827
104,20825C104-10-K-2004-03-02.txt,1163165,1163165,2005,28.801288492063502
105,786449108-10-K-2004-03-15.txt,86115,86115,2005,9.05300238095238
106,233326107-10-K-2004-03-11.txt,714603,714603,2005,22.953092857142853
107,031162100-10-K-2004-03-11.txt,318154,318154,2005,60.79123769841274
108,21075N204-10-K-2004-09-27.txt,1071993,1071993,2005,9.134378174603171
109,277432100-10-K-2004-03-05.txt,915389,915389,2005,19.227928571428567
110,210226106-10-K-2004-03-12.txt,23795,23795,2005,61.08813412698413
111,816850101-10-K-2004-04-09.txt,88941,88941,2005,17.637956349206352
112,619903107-10-K-2004-12-14.txt,896985,896985,2005,4.974748412698411
113,42805E108-10-K-2004-03-30.txt,1038133,1038133,2005,9.060528968253967
114,054540109-10-K-2004-03-08.txt,1113232,1113232,2005,25.778412698412705
115,880349105-10-K-2004-03-11.txt,1024725,1024725,2005,15.976359920634927
116,232806109-10-K-2004-03-09.txt,791915,791915,2005,2.56381507936508
117,294549100-10-K-2004-03-01.txt,33213,33213,2005,28.584442063492066
118,428236103-10-K-2004-01-20.txt,47217,47217,2005,9.420203174603182
119,139674105-10-K-2004-03-12.txt,726601,726601,2005,26.62726507936507
120,053774105-10-K-2004-03-01.txt,723612,723612,2005,31.68599801587301
121,83088M102-10-K-2004-12-13.txt,4127,4127,2005,6.3011777777777755
122,075896100-10-K-2004-05-13.txt,886158,886158,2005,39.254338492063475
123,237917208-10-K-2004-12-29.txt,792130,792130,2005,4.069444047619046
124,126600105-10-K-2004-03-15.txt,354647,354647,2005,9.507730555555558
125,743187106-10-K-2004-03-12.txt,835887,835887,2005,21.365753968253976
126,254543101-10-K-2004-03-15.txt,29002,29002,2005,14.435336507936508
127,002474104-10-K-2004-05-26.txt,8947,8947,2005,3.8415138888888896
128,874054109-10-K-2004-12-22.txt,946581,946581,2005,23.505169047619056
129,874054109-10-K-2004-02-12.txt,946581,946581,2005,23.505169047619056
130,858912108-10-K-2004-03-15.txt,861878,861878,2005,26.467251984126968
131,030111108-10-K-2004-06-14.txt,880807,880807,2005,97.80952380952377
132,374689107-10-K-2004-02-25.txt,912562,912562,2005,20.70103134920636
133,185896107-10-K-2004-02-13.txt,764065,764065,2005,15.163984523809528
134,761152107-10-K-2004-08-31.txt,943819,943819,2005,14.926955952380956
135,338517105-10-K-2004-01-12.txt,12040,12040,2005,8.047914682539687
136,338517105-10-K-2004-12-30.txt,12040,12040,2005,8.047914682539687
137,82312B106-10-K-2004-03-09.txt,354963,354963,2005,5.009944047619047
138,008492100-10-K-2004-03-15.txt,917251,917251,2005,12.445061111111116
139,384802104-10-K-2004-03-10.txt,277135,277135,2005,49.41144246031748
140,872386107-10-K-2004-06-17.txt,927355,927355,2005,4.521216666666668
141,36227K106-10-K-2004-04-14.txt,944480,944480,2005,1.726232142857144
142,62944T105-10-K-2004-02-17.txt,906163,906163,2005,782.6614285714287
143,92924F106-10-K-2004-12-14.txt,1103601,1103601,2005,19.163962698412707
144,84265V105-10-K-2004-03-12.txt,1001838,1001838,2005,4.676108333333332
145,775711104-10-K-2004-03-15.txt,84839,84839,2005,4.697207539682541
146,266605104-10-K-2004-03-11.txt,1082038,1082038,2005,4.61865079365079
147,350060109-10-K-2004-03-16.txt,352825,352825,2005,10.764394047619051
148,018490102-10-K-2004-03-05.txt,850693,850693,2005,31.597205158730173
149,29355X107-10-K-2004-03-03.txt,1164863,1164863,2005,27.427175396825394
150,G65422100-10-K-2004-03-02.txt,1169055,1169055,2005,20.43835476190477
151,918905100-10-K-2004-03-10.txt,59255,59255,2005,1.806726984126984
152,233912104-10-K-2004-12-17.txt,783412,783412,2005,41.423501587301566
153,210795209-10-K-2004-02-03.txt,319687,319687,2005,8.271269841269842
154,845467109-10-K-2004-02-25.txt,7332,7332,2005,11.89200515873016
155,445658107-10-K-2004-03-04.txt,728535,728535,2005,17.890721825396817
156,004446100-10-K-2004-09-10.txt,2034,2034,2005,5.720284126984121
157,698813102-10-K-2004-03-10.txt,901491,901491,2005,10.131256349206355
158,90328M107-10-K-2004-03-12.txt,896264,896264,2005,21.936746031746026
159,677864100-10-K-2004-10-28.txt,74046,74046,2005,9.945357936507934
160,682159108-10-K-2004-03-15.txt,890564,890564,2005,6.706841269841272
161,461148108-10-K-2004-03-16.txt,1001902,1001902,2005,10.594325396825397
162,034164103-10-K-2004-03-11.txt,821026,821026,2005,9.540096428571426
163,247850100-10-K-2004-03-12.txt,1022469,1022469,2005,38.917417063492046
164,855707105-10-K-2004-03-12.txt,874977,874977,2005,21.955015079365097
165,911805109-10-K-2004-03-30.txt,101594,101594,2005,23.990671825396824
166,084680107-10-K-2004-03-11.txt,1108134,1108134,2005,24.267473412698422
167,20563P101-10-K-2004-03-04.txt,1049606,1049606,2005,10.486654365079367
168,118230101-10-K-2004-03-15.txt,805022,805022,2005,19.11499563492064
169,780287108-10-K-2004-09-13.txt,85535,85535,2005,18.48589246031745
170,974280109-10-K-2004-08-26.txt,107681,107681,2005,16.849465486725663
171,760281204-10-K-2004-03-02.txt,921557,921557,2005,13.145101984126981
172,691497309-10-K-2004-08-11.txt,75288,75288,2005,34.04100039682537
173,382410405-10-K-2004-04-12.txt,943861,943861,2005,20.716446428571427
174,806857108-10-K-2004-03-03.txt,87347,87347,2005,32.16369007936504
175,942712100-10-K-2004-08-17.txt,1103126,1103126,2005,42.16431111111109
176,01881G106-10-K-2004-03-10.txt,825313,825313,2005,20.12364563492064
177,163072101-10-K-2004-03-10.txt,887596,887596,2005,31.079940873015843
178,594918104-10-K-2004-09-01.txt,789019,789019,2005,19.505796825396843
179,465741106-10-K-2004-03-12.txt,780571,780571,2005,38.97754563492065
180,928703107-10-K-2004-01-28.txt,103872,103872,2005,15.366482936507952
181,675232102-10-K-2004-03-09.txt,73756,73756,2005,9.38110952380952
182,369385109-10-K-2004-03-12.txt,808461,808461,2005,9.66172619047619
183,56418H100-10-K-2004-02-24.txt,871763,871763,2005,36.20087103174605
184,576323109-10-K-2004-07-29.txt,15615,15615,2005,9.401785714285712
185,093698108-10-K-2004-03-30.txt,1000683,1000683,2005,2.796650396825397
186,68554V108-10-K-2004-03-04.txt,1116463,1116463,2005,8.882992460317462
187,500692108-10-K-2004-09-30.txt,56701,56701,2005,6.327650396825402
188,131193104-10-K-2004-03-15.txt,837465,837465,2005,12.092463095238097
189,69336T205-10-K-2004-03-15.txt,350403,350403,2005,29.02656269841271
190,577933104-10-K-2004-12-10.txt,1032220,1032220,2005,7.857195238095236
191,87538X105-10-K-2004-03-29.txt,909724,909724,2005,3.4403761904761923
192,69329Y104-10-K-2004-03-08.txt,882104,882104,2005,3.620874603174604
193,114340102-10-K-2004-12-14.txt,933974,933974,2005,11.944159126984127
194,09058M103-10-K-2004-01-13.txt,720154,720154,2005,6.269828968253968
195,511656100-10-K-2004-03-05.txt,721994,721994,2005,9.809078174603178
196,630402105-10-K-2004-09-27.txt,69633,69633,2005,5.259119444444447
197,630402105-10-K-2004-02-09.txt,69633,69633,2005,5.259119444444447
198,09058V103-10-K-2004-03-19.txt,882796,882796,2005,7.91376944444445
199,91359E105-10-K-2004-03-12.txt,798783,798783,2005,15.194686507936506
200,50186A108-10-K-2004-04-13.txt,61004,61004,2005,10.382476190476188
201,402307102-10-K-2004-03-12.txt,1031623,1031623,2005,20.00404047619049
202,001084102-10-K-2004-03-15.txt,880266,880266,2005,17.828013095238102
203,628778102-10-K-2004-03-15.txt,790359,790359,2005,15.022216666666672
204,461730103-10-K-2004-07-20.txt,798359,798359,2005,4.086265476190478
205,45168D104-10-K-2004-03-03.txt,874716,874716,2005,15.394786507936507
206,369300108-10-K-2004-03-12.txt,886035,886035,2005,12.232955158730164
207,030371108-10-K-2004-03-30.txt,5981,5981,2005,14.181048015873012
208,756109104-10-K-2004-02-19.txt,726728,726728,2005,12.035656349206352
209,149123101-10-K-2004-03-10.txt,18230,18230,2005,36.25281626984128
210,16359R103-10-K-2004-03-12.txt,19584,19584,2005,37.35027341269839
211,71361F100-10-K-2004-09-27.txt,887226,887226,2005,6.458824603174603
212,576853105-10-K-2004-08-13.txt,866273,866273,2005,6.591468253968253
213,192576106-10-K-2004-03-02.txt,21535,21535,2005,16.389546825396824
214,44934S107-10-K-2004-03-30.txt,749660,749660,2005,15.400557539682538
215,577767106-10-K-2004-03-30.txt,319815,319815,2005,11.673365079365087
216,88368Q103-10-K-2004-03-15.txt,1080056,1080056,2005,3.177136507936507
217,157085101-10-K-2004-03-15.txt,1020214,1020214,2005,5.749292460317461
218,45769N105-10-K-2004-12-08.txt,836690,836690,2005,8.335162301587305
219,81721M109-10-K-2004-03-12.txt,1075415,1075415,2005,7.350588888888887
220,835451105-10-K-2004-11-15.txt,868611,868611,2005,19.53022936507936
221,80874P109-10-K-2004-03-15.txt,750004,750004,2005,26.46859126984129
222,374163103-10-K-2004-02-27.txt,886744,886744,2005,8.442773809523812
223,22163N106-10-K-2004-03-18.txt,884713,884713,2005,18.69828095238095
224,714157104-10-K-2004-03-15.txt,891532,891532,2005,9.246101190476187
225,92552V100-10-K-2004-06-16.txt,797721,797721,2005,22.2992257936508
226,61166W101-10-K-2004-11-03.txt,1110783,1110783,2005,25.95342619047622
227,538146101-10-K-2004-03-29.txt,1102993,1102993,2005,3.3259063492063503
228,44107P104-10-K-2004-03-02.txt,1070750,1070750,2005,11.592647222222226
229,69357C503-10-K-2004-03-05.txt,1007330,1007330,2005,33.335198412698425
230,192446102-10-K-2004-03-12.txt,1058290,1058290,2005,11.327543650793652
231,29382R107-10-K-2004-03-15.txt,1109116,1109116,2005,6.417036111111112
232,248019101-10-K-2004-03-12.txt,27996,27996,2005,35.57790079365079
233,644206104-10-K-2004-03-30.txt,746514,746514,2005,18.05130238095237
234,88830M102-10-K-2004-02-27.txt,899751,899751,2005,11.608623015873013
235,209115104-10-K-2004-02-24.txt,1047862,1047862,2005,24.048419047619053
236,03076K108-10-K-2004-03-15.txt,351569,351569,2005,15.06825277777778
237,34629U103-10-K-2004-10-29.txt,884144,884144,2005,12.084392460317474
238,62886E108-10-K-2004-03-15.txt,70866,70866,2005,16.075974999999996
239,057755100-10-K-2004-03-12.txt,9346,9346,2005,13.055931349206347
240,515098101-10-K-2004-03-04.txt,853816,853816,2005,32.67798412698412
241,513847103-10-K-2004-09-10.txt,57515,57515,2005,27.278405952380943
242,615369105-10-K-2004-03-12.txt,1059556,1059556,2005,40.44359920634921
243,12673P105-10-K-2004-06-14.txt,356028,356028,2005,21.507610317460323
244,92552R406-10-K-2004-03-11.txt,884219,884219,2005,21.254639682539686
245,149205106-10-K-2004-04-22.txt,18255,18255,2005,12.219023015873015
246,066849100-10-K-2004-03-29.txt,743367,743367,2005,5.296003174603175
247,253393102-10-K-2004-04-08.txt,1089063,1089063,2005,15.010781349206354
248,553829102-10-K-2004-01-29.txt,1099941,1099941,2005,5.668589682539685
249,866674104-10-K-2004-03-15.txt,912593,912593,2005,12.932838888888886
250,22757R109-10-K-2004-03-11.txt,881787,881787,2005,16.388665079365072
251,002896207-10-K-2004-04-14.txt,1018840,1018840,2005,43.32834523809522
252,76028H100-10-K-2004-03-30.txt,897075,897075,2005,16.78977142857143
253,30226D106-10-K-2004-09-03.txt,1078271,1078271,2005,4.995734126984128
254,690370101-10-K-2004-02-24.txt,1130713,1130713,2005,42.014126984127
255,903899102-10-K-2004-03-12.txt,875657,875657,2005,15.054701984126995
256,315405100-10-K-2004-03-12.txt,35214,35214,2005,9.669282539682538
257,389375205-10-K-2004-03-12.txt,43196,43196,2005,10.020111111111106
258,426927109-10-K-2004-03-12.txt,1053352,1053352,2005,16.565196031746034
259,124857103-10-K-2004-03-15.txt,813828,813828,2005,7.586121052631579
260,G3223R108-10-K-2004-03-15.txt,1095073,1095073,2005,72.30473888888888
261,67066G104-10-K-2004-03-29.txt,1045810,1045810,2005,8.82155793650793
262,81811M100-10-K-2004-03-25.txt,868271,868271,2005,14.40354206349207
263,942749102-10-K-2004-03-12.txt,795403,795403,2005,27.155830555555568
264,05329W102-10-K-2004-03-10.txt,350698,350698,2005,19.99253968253968
265,319829107-10-K-2004-03-10.txt,712537,712537,2005,8.752256349206348
266,747582104-10-K-2004-06-10.txt,708818,708818,2005,10.259192063492057
267,007903107-10-K-2004-03-09.txt,2488,2488,2005,19.912420634920636
268,632347100-10-K-2004-06-24.txt,69733,69733,2005,5.434517460317461
269,395384100-10-K-2004-03-10.txt,911935,911935,2005,39.09500793650793
270,44106M102-10-K-2004-03-15.txt,945394,945394,2005,15.490749206349196
271,25179M103-10-K-2004-03-05.txt,1090012,1090012,2005,45.863189682539705
272,892356106-10-K-2004-03-08.txt,916365,916365,2005,10.802372222222226
273,303250104-10-K-2004-12-14.txt,814547,814547,2005,37.126746031746066
274,290846104-10-K-2004-12-14.txt,808326,808326,2005,13.855356746031747
275,126349109-10-K-2004-03-12.txt,1005757,1005757,2005,17.576800793650794
276,829073105-10-K-2004-02-27.txt,920371,920371,2005,28.32054444444445
277,78388J106-10-K-2004-03-12.txt,1034054,1034054,2005,12.796011904761901
278,91879Q109-10-K-2004-10-01.txt,812011,812011,2005,24.86804801587302
279,144577103-10-K-2004-03-30.txt,1040593,1040593,2005,19.548603174603183
280,12466Q104-10-K-2004-03-12.txt,913341,913341,2005,23.98652460317461
281,750236101-10-K-2004-03-15.txt,890926,890926,2005,48.77809087301587
282,043353101-10-K-2004-12-16.txt,1113256,1113256,2005,14.68941111111111
283,534187109-10-K-2004-03-09.txt,59558,59558,2005,38.420608730158726
284,806407102-10-K-2004-03-09.txt,1000228,1000228,2005,19.970347222222234
285,871607107-10-K-2004-01-29.txt,883241,883241,2005,18.240028968253966
286,75886F107-10-K-2004-03-12.txt,872589,872589,2005,8.298154761904769
287,904677101-10-K-2004-09-17.txt,100726,100726,2005,10.498303571428572
288,171046105-10-K-2004-05-13.txt,883943,883943,2005,14.132802380952375
289,723787107-10-K-2004-02-03.txt,1038357,1038357,2005,43.32709722222222
290,911460103-10-K-2004-03-11.txt,1137547,1137547,2005,7.267990873015876
291,002444107-10-K-2004-06-14.txt,859163,859163,2005,9.668470238095235
292,610236101-10-K-2004-06-10.txt,876427,876427,2005,10.952648015873013
293,17273K109-10-K-2004-03-15.txt,1091883,1091883,2005,24.043547222222227
294,88033G100-10-K-2004-03-15.txt,70318,70318,2005,43.41365079365081
295,129603106-10-K-2004-03-11.txt,812701,812701,2005,7.55990079365079
296,902952100-10-K-2004-09-27.txt,754811,754811,2005,2.3965670634920637
297,901476101-10-K-2004-09-20.txt,100378,100378,2005,6.261419444444447
298,206710204-10-K-2004-09-07.txt,749038,749038,2005,11.710768650793641
299,426281101-10-K-2004-08-30.txt,779152,779152,2005,16.007267460317458
300,759930100-10-K-2004-03-04.txt,920052,920052,2005,5.440136507936511
301,143905107-10-K-2004-03-26.txt,1016281,1016281,2005,5.436411904761906
302,65473P105-10-K-2004-03-12.txt,1111711,1111711,2005,5.290422222222224
303,929566107-10-K-2004-02-12.txt,879526,879526,2005,21.19942063492064
304,035710409-10-K-2004-03-09.txt,1043219,1043219,2005,3.987032936507938
305,703481101-10-K-2004-02-04.txt,889900,889900,2005,23.807650396825423
306,25388B104-10-K-2004-03-15.txt,1062530,1062530,2005,31.18207261904761
307,683797104-10-K-2004-03-12.txt,791963,791963,2005,16.313226190476197
308,404132102-10-K-2004-03-15.txt,888919,888919,2005,13.97514484126985
309,486026107-10-K-2004-03-29.txt,54681,54681,2005,15.222775396825392
310,011659109-10-K-2004-03-11.txt,766421,766421,2005,7.148698406374504
311,29268T102-10-K-2004-03-30.txt,924168,924168,2005,1.0025293650793654
312,750459109-10-K-2004-03-05.txt,873044,873044,2005,16.748015873015877
313,415864107-10-K-2004-03-11.txt,45876,45876,2005,21.602623015873018
314,442487203-10-K-2004-01-21.txt,357294,357294,2005,54.69444444444443
315,343873105-10-K-2004-03-15.txt,923139,923139,2005,11.281922222222226
316,92343X100-10-K-2004-04-15.txt,1166388,1166388,2005,36.38761904761906
317,72813P100-10-K-2004-03-10.txt,842699,842699,2005,51.0457484126984
318,412822108-10-K-2004-03-12.txt,793952,793952,2005,40.72867103174603
319,86183P102-10-K-2004-03-15.txt,1043337,1043337,2005,9.598928571428566
320,895927101-10-K-2004-03-12.txt,30697,30697,2005,10.00911031746032
321,269246104-10-K-2004-03-11.txt,1015780,1015780,2005,1511.4722222222224
322,00508X203-10-K-2004-10-29.txt,6955,6955,2005,23.570553571428558
323,45337C102-10-K-2004-03-15.txt,879169,879169,2005,7.116269841269835
324,917286106-10-K-2004-01-27.txt,1029800,1029800,2005,7.849464682539683
325,343498101-10-K-2004-03-18.txt,1128928,1128928,2005,5.012269444444447
326,98156Q108-10-K-2004-07-13.txt,1091907,1091907,2005,5.91805
327,806882106-10-K-2004-11-30.txt,912603,912603,2005,24.754464682539698
328,511795106-10-K-2004-04-30.txt,798081,798081,2005,17.330230555555552
329,826565103-10-K-2004-04-15.txt,790715,790715,2005,9.996563095238098
330,384109104-10-K-2004-03-02.txt,42888,42888,2005,9.485220634920637
331,925811101-10-K-2004-01-15.txt,310056,310056,2005,2.9338329365079376
332,233377407-10-K-2004-03-11.txt,1020710,1020710,2005,5.456970238095241
333,651290108-10-K-2004-03-15.txt,912750,912750,2005,40.649722222222216
334,899035109-10-K-2004-02-27.txt,878726,878726,2005,26.008569444444465
335,929236107-10-K-2004-10-28.txt,105132,105132,2005,21.3049376984127
336,84842R106-10-K-2004-03-30.txt,12239,12239,2005,8904.046904761904
337,726540503-10-K-2004-03-05.txt,350426,350426,2005,4.782936507936501
338,695156109-10-K-2004-03-12.txt,75677,75677,2005,14.214313095238097
339,218683100-10-K-2004-03-30.txt,1026655,1026655,2005,6.414026587301582
340,655663102-10-K-2004-01-21.txt,72331,72331,2005,15.394929365079362
341,879939106-10-K-2004-03-08.txt,1013880,1013880,2005,9.664382142857141
342,258278100-10-K-2004-03-16.txt,868780,868780,2005,5.847327777777773
343,313855108-10-K-2004-03-12.txt,277509,277509,2005,13.160479761904767
344,212485106-10-K-2004-03-05.txt,1062047,1062047,2005,13.506866666666665
345,718592108-10-K-2004-04-15.txt,78239,78239,2005,29.12453690476191
346,717098107-10-K-2004-03-30.txt,1095315,1095315,2005,9.948336507936506
347,48282T104-10-K-2004-03-17.txt,886346,886346,2005,18.272084920634924
348,595112103-10-K-2004-10-15.txt,723125,723125,2005,11.638809523809524
349,159864107-10-K-2004-03-10.txt,1100682,1100682,2005,46.71384920634923
350,549282101-10-K-2004-11-05.txt,16099,16099,2005,10.408988095238096
351,709631105-10-K-2004-03-05.txt,77360,77360,2005,30.57947658730157
352,74838J101-10-K-2004-03-15.txt,353569,353569,2005,7.099749999999997
353,981475106-10-K-2004-03-15.txt,789460,789460,2005,12.751938888888882
354,714290103-10-K-2004-08-11.txt,820096,820096,2005,14.482930158730154
355,78442P106-10-K-2004-03-15.txt,1032033,1032033,2005,16.005598015873016
356,037032109-10-K-2004-03-15.txt,1098972,1098972,2005,37.79109285714286
357,957541105-10-K-2004-06-14.txt,1002135,1002135,2005,21.239444444444448
358,177376100-10-K-2004-03-12.txt,877890,877890,2005,15.17630912698414
359,26817Q506-10-K-2004-03-25.txt,826675,826675,2005,2.3789547619047595
360,628530107-10-K-2004-06-14.txt,69499,69499,2005,17.83313928571429
361,422806109-10-K-2004-01-12.txt,46619,46619,2005,6.4513075396825394
362,580589109-10-K-2004-03-12.txt,752714,752714,2005,16.496684126984132
363,47012E106-10-K-2004-03-15.txt,1009829,1009829,2005,18.683186507936522
364,26874Q100-10-K-2004-03-05.txt,314808,314808,2005,30.733018650793657
365,59522J103-10-K-2004-03-12.txt,912595,912595,2005,24.627086507936486
366,184496107-10-K-2004-03-15.txt,822818,822818,2005,5.625884523809526
367,207797101-10-K-2004-03-12.txt,276209,276209,2005,16.74581666666667
368,28176E108-10-K-2004-03-12.txt,1099800,1099800,2005,10.73274801587301
369,019330109-10-K-2004-03-24.txt,46129,46129,2005,5.155550793650794
370,969457100-10-K-2004-03-15.txt,107263,107263,2005,10.596899603174617
371,22282E102-10-K-2004-03-15.txt,225648,225648,2005,9.01263968253968
372,890110109-10-K-2004-03-15.txt,1005817,1005817,2005,24.63432936507937
373,868587106-10-K-2004-03-11.txt,1104855,1104855,2005,15.298202380952379
374,153527106-10-K-2004-12-09.txt,887733,887733,2005,15.108986904761903
375,156492100-10-K-2004-03-10.txt,911147,911147,2005,7.758875396825398
376,744320102-10-K-2004-03-10.txt,1137774,1137774,2005,46.654488492063464
377,23332B106-10-K-2004-03-15.txt,915778,915778,2005,24.89805555555556
378,930059100-10-K-2004-03-12.txt,1052100,1052100,2005,11.694042460317457
379,459902102-10-K-2004-12-10.txt,353944,353944,2005,21.479447222222234
380,896095106-10-K-2004-03-09.txt,356171,356171,2005,16.344419047619052
381,903914109-10-K-2004-03-12.txt,1022646,1022646,2005,36.91388888888892
382,596680108-10-K-2004-03-15.txt,66004,66004,2005,12.451867460317464
383,913821302-10-K-2004-07-14.txt,102109,102109,2005,9.34295595238095
384,74050M105-10-K-2004-04-14.txt,887919,887919,2005,7.601624999999995
385,501242101-10-K-2004-12-14.txt,56978,56978,2005,7.260714285714287
386,049904105-10-K-2004-03-26.txt,701288,701288,2005,48.672276190476225
387,86722Q207-10-K-2004-03-12.txt,1091973,1091973,2005,16.899415476190473
388,663904100-10-K-2004-09-24.txt,811831,811831,2005,16.467340476190483
389,989070602-10-K-2004-03-26.txt,109177,109177,2005,7.331485714285711
390,78176P108-10-K-2004-03-30.txt,767405,767405,2005,10.66706626984127
391,55305B101-10-K-2004-03-10.txt,799292,799292,2005,50.42891666666668
392,264411505-10-K-2004-03-05.txt,783280,783280,2005,15.80446984126984
393,17453B101-10-K-2004-03-15.txt,20520,20520,2005,56.136301587301595
394,90337L108-10-K-2004-03-15.txt,885978,885978,2005,15.121925793650794
395,533900106-10-K-2004-02-13.txt,59527,59527,2005,14.020180952380946
396,286082102-10-K-2004-03-15.txt,867374,867374,2005,20.44231706349208
397,36268Q103-10-K-2004-03-12.txt,1089872,1089872,2005,8.014056746031747
398,302130109-10-K-2004-03-15.txt,746515,746515,2005,24.374408333333307
399,000360206-10-K-2004-03-12.txt,824142,824142,2005,2.907729365079365
400,278642103-10-K-2004-03-08.txt,1065088,1065088,2005,16.973477777777774
401,302445101-10-K-2004-03-05.txt,354908,354908,2005,12.895168650793648
402,150185106-10-K-2004-03-15.txt,811532,811532,2005,14.285831349206356
403,043168103-10-K-2004-03-01.txt,7623,7623,2005,2.7573603174603174
404,640509105-10-K-2004-06-29.txt,1072978,1072978,2005,355.9424603174603
405,651229106-10-K-2004-03-15.txt,814453,814453,2005,16.794478968253955
406,755111507-10-K-2004-03-15.txt,1047122,1047122,2005,27.81082619047617
407,766721104-10-K-2004-03-30.txt,892482,892482,2005,20.69746587301588
408,89336Q100-10-K-2004-04-15.txt,795212,795212,2005,8.371414285714286
409,72919P103-10-K-2004-03-11.txt,1093691,1093691,2005,61.98888888888892
410,946760105-10-K-2004-03-29.txt,945983,945983,2005,6.041728174603177
411,254687106-10-K-2004-12-13.txt,1001039,1001039,2005,22.27850833333333
412,902104108-10-K-2004-09-13.txt,820318,820318,2005,8.967521825396826
413,09069N108-10-K-2004-03-15.txt,1014739,1014739,2005,6.455242063492067
414,759509102-10-K-2004-03-15.txt,861884,861884,2005,19.22070674603175
415,690732102-10-K-2004-02-27.txt,75252,75252,2005,9.277705952380947
416,863236105-10-K-2004-02-26.txt,1013934,1013934,2005,82.15305158730156
417,035290105-10-K-2004-03-10.txt,52795,52795,2005,28.459619047619046
418,025932104-10-K-2004-03-12.txt,1042046,1042046,2005,15.986603968253972
419,482480100-10-K-2004-08-30.txt,319201,319201,2005,28.14957857142857
420,38168B103-10-K-2004-03-30.txt,1024126,1024126,2005,16.556515873015876
421,00738A106-10-K-2004-03-12.txt,926282,926282,2005,20.02173928571429
422,941848103-10-K-2004-03-12.txt,1000697,1000697,2005,41.92123015873012
423,743410102-10-K-2004-03-09.txt,899881,899881,2005,26.479306746031753
424,157210105-10-K-2004-03-12.txt,1173489,1173489,2005,6.489197619047621
425,58155Q103-10-K-2004-06-10.txt,927653,927653,2005,38.481485317460326
426,85254C107-10-K-2004-04-15.txt,6885,6885,2005,7.793021428571433
427,458334109-10-K-2004-03-30.txt,822663,822663,2005,9.30590158730159
428,262037104-10-K-2004-03-15.txt,1042893,1042893,2005,18.026765873015872
429,595017104-10-K-2004-06-03.txt,827054,827054,2005,18.741171428571427
430,609720107-10-K-2004-12-14.txt,67625,67625,2005,3.5976055555555537
431,580135101-10-K-2004-03-05.txt,63908,63908,2005,21.838523412698407
432,760416107-10-K-2004-03-25.txt,834285,834285,2005,10.612769047619043
433,404251100-10-K-2004-03-01.txt,48287,48287,2005,35.3863507936508
434,59540G107-10-K-2004-03-29.txt,879635,879635,2005,18.295870238095254
435,64126Q206-10-K-2004-07-14.txt,277058,277058,2005,11.62503928571429
436,293792107-10-K-2004-03-10.txt,1061219,1061219,2005,6.228456349206352
437,36225V104-10-K-2004-04-14.txt,70415,70415,2005,7.905087301587306
438,29250R106-10-K-2004-03-12.txt,880285,880285,2005,9.522744841269844
439,98974P100-10-K-2004-03-15.txt,855612,855612,2005,2.897480158730158
440,231269101-10-K-2004-03-01.txt,1108205,1108205,2005,4.077916666666669
441,88162F105-10-K-2004-03-15.txt,844965,844965,2005,11.374350793650803
442,25820R105-10-K-2004-03-08.txt,1172358,1172358,2005,9.426274206349204
443,948626106-10-K-2004-03-18.txt,105319,105319,2005,42.164311111111104
444,150838100-10-K-2004-09-13.txt,865941,865941,2005,7.299650396825402
445,499064103-10-K-2004-02-25.txt,929452,929452,2005,18.339232539682538
446,293306106-10-K-2004-03-30.txt,933738,933738,2005,4.886143650793653
447,46120E602-10-K-2004-03-12.txt,1035267,1035267,2005,21.242382142857142
448,260174107-10-K-2004-03-10.txt,1017673,1017673,2005,4.881689682539687
449,N6748L102-10-K-2004-03-12.txt,884624,884624,2005,41.9086785714286
450,756577102-10-K-2004-05-14.txt,1087423,1087423,2005,15.611746031746032
451,700666100-10-K-2004-03-29.txt,76282,76282,2005,17.822696428571426
452,33741H107-10-K-2004-03-15.txt,763907,763907,2005,16.071565079365087
453,896712205-10-K-2004-09-22.txt,732026,732026,2005,3.8689682539682537
454,830566105-10-K-2004-03-15.txt,1065837,1065837,2005,4.965303968253966
455,859241101-10-K-2004-03-26.txt,874238,874238,2005,12.719222222222221
456,880770102-10-K-2004-03-15.txt,97210,97210,2005,13.818409523809528
457,04269E107-10-K-2004-03-12.txt,1019695,1019695,2005,6.4554563492063535
458,063750103-10-K-2004-03-11.txt,1123270,1123270,2005,8.138031349206349
459,172908105-10-K-2004-08-16.txt,723254,723254,2005,34.18211865079368
460,111412607-10-K-2004-03-15.txt,920448,920448,2005,31.96031746031746
461,902494103-10-K-2004-12-15.txt,100493,100493,2005,15.370121031746034
462,22284P105-10-K-2004-03-15.txt,928658,928658,2005,14.761788095238098
463,19623P101-10-K-2004-03-19.txt,711669,711669,2005,26.08803055555556
464,554382101-10-K-2004-03-12.txt,912242,912242,2005,32.263938888888894
465,761525500-10-K-2004-02-20.txt,887921,887921,2005,29.72460317460317
466,795226109-10-K-2004-03-30.txt,1060219,1060219,2005,24.779076587301578
467,829226109-10-K-2004-02-27.txt,912752,912752,2005,4.578005158730162
468,216831107-10-K-2004-03-08.txt,24491,24491,2005,12.800798412698414
469,747525103-10-K-2004-11-03.txt,804328,804328,2005,30.3576623015873
470,740444104-10-K-2004-03-26.txt,80035,80035,2005,30.66942063492063
471,603158106-10-K-2004-03-11.txt,891014,891014,2005,29.340760714285718
472,12709P103-10-K-2004-12-08.txt,1102934,1102934,2005,20.939002777777773
473,479167108-10-K-2004-12-15.txt,788329,788329,2005,16.69935833333334
474,302301106-10-K-2004-12-14.txt,876523,876523,2005,4.880263888888886
475,045327103-10-K-2004-09-13.txt,929940,929940,2005,5.746190476190477
476,903293405-10-K-2004-02-24.txt,757011,757011,2005,48.48876984126986
477,589584101-10-K-2004-12-13.txt,794172,794172,2005,6.628033730158731
478,377407101-10-K-2004-03-29.txt,890066,890066,2005,9.281742460317457
479,84763A108-10-K-2004-03-29.txt,831547,831547,2005,5.144771825396825
480,260003108-10-K-2004-02-27.txt,29905,29905,2005,24.879457539682537
481,55272X102-10-K-2004-02-06.txt,1055160,1055160,2005,1.577230555555556
482,811699107-10-K-2004-04-14.txt,1019671,1019671,2005,9.294702380952378
483,253798102-10-K-2004-11-29.txt,854775,854775,2005,12.243285714285712
484,239467103-10-K-2004-03-30.txt,27367,27367,2005,13.015429365079378
485,452327109-10-K-2004-03-12.txt,1110803,1110803,2005,5.819662698412694
486,651718504-10-K-2004-03-11.txt,71829,71829,2005,6.988690476190481
487,376535100-10-K-2004-12-14.txt,1143513,1143513,2005,6.853303174603167
488,052769106-10-K-2004-04-08.txt,769397,769397,2005,37.10022539682539
489,630077105-10-K-2004-04-01.txt,704532,704532,2005,11.792167063492064
490,45253H101-10-K-2004-08-20.txt,855654,855654,2005,6.094619047619044
491,093671105-10-K-2004-07-02.txt,12659,12659,2005,17.035313888888897
492,004930202-10-K-2004-06-10.txt,718877,718877,2005,6.1859194444444485
493,925602104-10-K-2004-03-11.txt,819050,819050,2005,46.638511904761884
494,140475104-10-K-2004-03-29.txt,1043000,1043000,2005,7.184801587301588
495,981419104-10-K-2004-06-14.txt,108385,108385,2005,26.97996031746032
496,974250102-10-K-2004-03-22.txt,908315,908315,2005,18.08496230158729
497,169905106-10-K-2004-03-15.txt,1046311,1046311,2005,19.200151984126986
498,488360108-10-K-2004-06-08.txt,887730,887730,2005,22.747142857142855
499,589378108-10-K-2004-09-10.txt,1049521,1049521,2005,26.25390873015873
500,969904101-10-K-2004-04-15.txt,719955,719955,2005,29.189392063492065
501,302941109-10-K-2004-03-12.txt,887936,887936,2005,23.27555555555555
502,149150104-10-K-2004-03-15.txt,861842,861842,2005,29.85849007936509
503,696077304-10-K-2004-09-13.txt,911216,911216,2005,2.286750396825397
504,431284108-10-K-2004-03-15.txt,921082,921082,2005,14.683052380952384
505,358010106-10-K-2004-07-29.txt,39020,39020,2005,11.075822222222216
506,237690102-10-K-2004-03-30.txt,351998,351998,2005,2.782025
507,579489105-10-K-2004-02-27.txt,1056087,1056087,2005,469.60876904761926
508,32020R109-10-K-2004-03-08.txt,36029,36029,2005,8.226460714285718
509,253807101-10-K-2004-03-15.txt,1089443,1089443,2005,6.235712301587294
510,458665106-10-K-2004-03-10.txt,715787,715787,2005,7.656933333333334
511,60740F105-10-K-2004-03-15.txt,911109,911109,2005,18.133319841269838
512,573331105-10-K-2004-03-23.txt,1176334,1176334,2005,9.611261111111109
513,31942D107-10-K-2004-03-12.txt,840489,840489,2005,11.427923809523813
514,832682207-10-K-2004-03-30.txt,1108320,1108320,2005,1.5256468253968258
515,68213N109-10-K-2004-03-08.txt,926326,926326,2005,8.525996031746027
516,44930G107-10-K-2004-03-12.txt,883984,883984,2005,32.21277777777777
517,721467108-10-K-2004-11-24.txt,802481,802481,2005,26.046146031746026
518,690768403-10-K-2004-03-15.txt,812074,812074,2005,23.534365079365074
519,466032109-10-K-2004-12-08.txt,785956,785956,2005,22.76939682539681
520,871237103-10-K-2004-03-10.txt,1010612,1010612,2005,9.9375
521,16411R208-10-K-2004-03-25.txt,3570,3570,2005,34.748194444444444
522,373865104-10-K-2004-03-12.txt,714395,714395,2005,6.324092857142862
523,713569309-10-K-2004-05-13.txt,878556,878556,2005,40.047619047619044
524,889478103-10-K-2004-01-15.txt,794170,794170,2005,41.99864246031746
525,92343E102-10-K-2004-03-15.txt,1014473,1014473,2005,22.16407936507937
526,458118106-10-K-2004-06-10.txt,703361,703361,2005,11.328333333333328
527,824543102-10-K-2004-12-22.txt,904979,904979,2005,9.516371428571428
528,824543102-10-K-2004-01-23.txt,904979,904979,2005,9.516371428571428
529,500255104-10-K-2004-03-19.txt,885639,885639,2005,40.097732539682546
530,871829107-10-K-2004-09-16.txt,96021,96021,2005,23.43240873015875
531,469814107-10-K-2004-12-13.txt,52988,52988,2005,28.171867857142892
532,428567101-10-K-2004-04-15.txt,1017480,1017480,2005,22.95166626984128
533,871655106-10-K-2004-02-12.txt,864240,864240,2005,9.453079761904755
534,988498101-10-K-2004-03-05.txt,1041061,1041061,2005,13.961656746031757
535,003830106-10-K-2004-03-11.txt,867665,867665,2005,4.0491662698412725
536,14040H105-10-K-2004-03-05.txt,927628,927628,2005,66.13420396825397
537,67058H102-10-K-2004-03-12.txt,1110805,1110805,2005,21.718396428571435
538,75281A109-10-K-2004-03-03.txt,315852,315852,2005,18.75433293650795
539,398433102-10-K-2004-12-13.txt,50725,50725,2005,21.91209603174601
540,87157D109-10-K-2004-09-08.txt,817720,817720,2005,14.7664503968254
541,75886N100-10-K-2004-03-15.txt,1100441,1100441,2005,8.556392857142859
542,19421R200-10-K-2004-09-27.txt,1089143,1089143,2005,6.604651587301588
543,011311107-10-K-2004-03-15.txt,897077,897077,2005,19.244173412698434
544,812578102-10-K-2004-03-16.txt,1060736,1060736,2005,5.2172857142857145
545,165167107-10-K-2004-03-15.txt,895126,895126,2005,21.10017142857143
546,773903109-10-K-2004-11-19.txt,1024478,1024478,2005,40.869963095238106
547,497266106-10-K-2004-03-05.txt,56047,56047,2005,22.987976190476182
548,253651103-10-K-2004-03-02.txt,28823,28823,2005,31.947476984126997
549,397624107-10-K-2004-01-22.txt,43920,43920,2005,21.52858333333333
550,137225108-10-K-2004-04-09.txt,310316,310316,2005,187.99804642857143
551,249908104-10-K-2004-03-15.txt,1005201,1005201,2005,4.849840476190477
552,92230Y104-10-K-2004-03-30.txt,1044777,1044777,2005,9.07225000000001
553,922417100-10-K-2004-03-12.txt,103145,103145,2005,16.628353174603177
554,760759100-10-K-2004-03-12.txt,1060391,1060391,2005,11.002808333333334
555,880779103-10-K-2004-03-15.txt,97216,97216,2005,11.292586904761901
556,23918K108-10-K-2004-02-27.txt,927066,927066,2005,22.798531746031745
557,416906105-10-K-2004-03-15.txt,1123494,1123494,2005,2.799865873015873
558,371559105-10-K-2004-03-15.txt,1012620,1012620,2005,12.680080158730162
559,16150R104-10-K-2004-11-24.txt,830524,830524,2005,5.875931746031745
560,194162103-10-K-2004-03-12.txt,21665,21665,2005,19.506626190476197
561,878237106-10-K-2004-04-06.txt,790703,790703,2005,37.618690476190466
562,88554D205-10-K-2004-03-15.txt,910638,910638,2005,6.8628563492063535
563,G1150G111-10-K-2004-11-05.txt,1134538,1134538,2005,19.503967063492066
564,939653101-10-K-2004-03-12.txt,104894,104894,2005,16.069317857142853
565,191098102-10-K-2004-03-11.txt,317540,317540,2005,41.226060317460316
566,868536103-10-K-2004-05-04.txt,95521,95521,2005,181.27235912698399
567,410867105-10-K-2004-03-10.txt,944695,944695,2005,28.669948412698393
568,957090103-10-K-2004-03-10.txt,311094,311094,2005,36.513187301587294
569,G7945J104-10-K-2004-08-10.txt,1137789,1137789,2005,11.697835317460322
570,694552100-10-K-2004-03-30.txt,1109546,1109546,2005,15.605481349206345
571,62855J104-10-K-2004-09-10.txt,899923,899923,2005,9.24048849206349
572,06652V109-10-K-2004-03-15.txt,946673,946673,2005,157.99863571428568
573,002824100-10-K-2004-02-25.txt,1800,1800,2005,15.739049603174601
574,456615103-10-K-2004-12-07.txt,1136352,1136352,2005,92.865165079365
575,894650100-10-K-2004-02-19.txt,850429,850429,2005,12.058309126984115
576,700416209-10-K-2004-05-14.txt,76267,76267,2005,10.978558730158724
577,125141101-10-K-2004-03-29.txt,3197,3197,2005,3.341659126984129
578,42217K106-10-K-2004-03-12.txt,766704,766704,2005,17.3840623015873
579,767754104-10-K-2004-04-26.txt,84129,84129,2005,3.910793650793652
580,584688105-10-K-2004-03-05.txt,1113481,1113481,2005,22.0155753968254
581,G0450A105-10-K-2004-03-10.txt,947484,947484,2005,14.91426031746032
582,211615307-10-K-2004-04-01.txt,24104,24104,2005,29.97192619047615
583,29250X103-10-K-2004-03-12.txt,1173911,1173911,2005,9.637945634920634
584,846822104-10-K-2004-05-27.txt,877422,877422,2005,8.885595238095236
585,636518102-10-K-2004-01-27.txt,935494,935494,2005,13.630450793650795
586,G37260109-10-K-2004-03-10.txt,1121788,1121788,2005,15.928744047619052
587,12618T105-10-K-2004-02-25.txt,1053706,1053706,2005,47.04947182539678
588,45766J107-10-K-2004-03-17.txt,1002390,1002390,2005,12.30873015873017
589,15643B106-10-K-2004-03-24.txt,1019650,1019650,2005,4.6616111111111085
590,609027107-10-K-2004-03-12.txt,907242,907242,2005,19.51545634920636
591,G98255105-10-K-2004-03-15.txt,875159,875159,2005,50.91668253968253
592,747906105-10-K-2004-06-14.txt,709283,709283,2005,22.790793650793663
593,168905107-10-K-2004-04-15.txt,1041859,1041859,2005,41.65412698412696
594,312059108-10-K-2004-03-30.txt,1083643,1083643,2005,16.06496825396825
595,09066L105-10-K-2004-03-29.txt,876343,876343,2005,0.6660341269841267
596,07556Q105-10-K-2004-12-07.txt,915840,915840,2005,213.69543611111118
597,929042109-10-K-2004-03-03.txt,899689,899689,2005,37.162744444444435
598,256747106-10-K-2004-04-13.txt,935703,935703,2005,8.240617063492062
599,018606103-10-K-2004-03-15.txt,817135,817135,2005,47.16657857142857
600,63910B102-10-K-2004-03-15.txt,1078207,1078207,2005,22.079775396825386
601,807066105-10-K-2004-08-02.txt,866729,866729,2005,30.783616269841275
602,19239V302-10-K-2004-03-30.txt,1158324,1158324,2005,8.095458333333339
603,29911Q208-10-K-2004-03-18.txt,842518,842518,2005,14.344442063492046
604,866942105-10-K-2004-03-26.txt,1024795,1024795,2005,6.781672222222219
605,G16962105-10-K-2004-07-27.txt,1144519,1144519,2005,46.90051150793651
606,516548104-10-K-2004-09-28.txt,1114925,1114925,2005,8.445533333333326
607,72581M107-10-K-2004-03-15.txt,1040161,1040161,2005,23.545951190476185
608,573075108-10-K-2004-03-15.txt,799167,799167,2005,5.692971428571428
609,04638F108-10-K-2004-04-09.txt,8146,8146,2005,5.844133333333337
610,69478X105-10-K-2004-03-15.txt,1028918,1028918,2005,11.559109523809527
611,128246105-10-K-2004-01-23.txt,1133470,1133470,2005,9.982055555555556
612,693506107-10-K-2004-02-20.txt,79879,79879,2005,23.71758253968253
613,693149106-10-K-2004-03-12.txt,798287,798287,2005,14.110224206349207
614,63633D104-10-K-2004-03-09.txt,877860,877860,2005,12.31142817460318
615,500600101-10-K-2004-03-15.txt,771266,771266,2005,4.902103174603174
616,89531P105-10-K-2004-03-05.txt,1069878,1069878,2005,16.695813492063483
617,147195101-10-K-2004-04-07.txt,18061,18061,2005,4.586936111111112
618,552848103-10-K-2004-03-15.txt,876437,876437,2005,60.66347500000003
619,203607106-10-K-2004-03-12.txt,723188,723188,2005,14.979568253968244
620,413160102-10-K-2004-03-09.txt,851310,851310,2005,6.843313492063488
621,42722X106-10-K-2004-03-08.txt,1046025,1046025,2005,15.446228571428561
622,55306N104-10-K-2004-03-11.txt,1049502,1049502,2005,17.130315079365086
623,451055107-10-K-2004-05-13.txt,857737,857737,2005,7.1331031746031766
624,369550108-10-K-2004-03-05.txt,40533,40533,2005,42.2456726190476
625,571903103-10-K-2004-02-23.txt,1048286,1048286,2005,26.486305952380928
626,418056107-10-K-2004-03-12.txt,46080,46080,2005,14.47728174603175
627,461202103-10-K-2004-09-24.txt,896878,896878,2005,20.996246031746022
628,902673102-10-K-2004-03-30.txt,914156,914156,2005,3.5400567460317465
629,629410309-10-K-2004-03-22.txt,748592,748592,2005,107.32214285714286
630,393657101-10-K-2004-11-12.txt,923120,923120,2005,25.44034682539683
631,156700106-10-K-2004-03-12.txt,18926,18926,2005,15.321125793650793
632,115660201-10-K-2004-03-15.txt,14803,14803,2005,20.895753968253974
633,913915104-10-K-2004-12-23.txt,1261654,1261654,2005,27.17779960317461
634,444859102-10-K-2004-03-05.txt,49071,49071,2005,37.582385714285735
635,401617105-10-K-2004-03-12.txt,912463,912463,2005,6.699198412698407
636,629579103-10-K-2004-03-15.txt,789933,789933,2005,7.033331349206349
637,902252105-10-K-2004-02-27.txt,860731,860731,2005,7.634404761904758
638,00760J108-10-K-2004-08-30.txt,1040470,1040470,2005,3.1059194444444462
639,761624105-10-K-2004-04-15.txt,744187,744187,2005,14.325833333333332
640,257867101-10-K-2004-02-23.txt,29669,29669,2005,24.331587698412708
641,038222105-10-K-2004-01-13.txt,6951,6951,2005,13.498232142857153
642,038222105-10-K-2004-12-15.txt,6951,6951,2005,13.498232142857153
643,453440307-10-K-2004-03-30.txt,701869,701869,2005,13.98938928571429
644,726503105-10-K-2004-03-01.txt,1070423,1070423,2005,9.191021428571423
645,053807103-10-K-2004-09-08.txt,8858,8858,2005,20.19413968253969
646,917488108-10-K-2004-03-15.txt,706698,706698,2005,16.736354365079354
647,563571108-10-K-2004-03-12.txt,61986,61986,2005,4.791623809523808
648,282914100-10-K-2004-05-28.txt,1023731,1023731,2005,2.0268932539682547
649,659310106-10-K-2004-01-07.txt,72633,72633,2005,8.916620634920633
650,364730101-10-K-2004-03-12.txt,39899,39899,2005,19.55820912698412
651,03073E105-10-K-2004-12-10.txt,1140859,1140859,2005,14.427524603174598
652,410761100-10-K-2004-04-15.txt,1040719,1040719,2005,295.9092813492065
653,880345103-10-K-2004-03-15.txt,97134,97134,2005,8.141399206349208
654,95709T100-10-K-2004-03-08.txt,54507,54507,2005,12.199099999999998
655,909911109-10-K-2004-03-29.txt,731653,731653,2005,5.757429365079366
656,G4776G101-10-K-2004-02-27.txt,1160497,1160497,2005,25.082656746031766
657,57772K101-10-K-2004-09-09.txt,743316,743316,2005,26.41098253968256
658,859152100-10-K-2004-06-14.txt,815065,815065,2005,19.399389285714282
659,783549108-10-K-2004-02-26.txt,85961,85961,2005,30.263930158730158
660,529898108-10-K-2004-03-15.txt,902274,902274,2005,15.299765873015867
661,656553104-10-K-2004-03-30.txt,722313,722313,2005,5.849809126984129
662,03062T105-10-K-2004-07-08.txt,799850,799850,2005,20.62978769841268
663,00847J105-10-K-2004-06-14.txt,78749,78749,2005,16.425178174603168
664,88579Y101-10-K-2004-03-02.txt,66740,66740,2005,56.540997222222245
665,14067D102-10-K-2004-06-14.txt,1009759,1009759,2005,46.148809523809526
666,78486Q101-10-K-2004-03-11.txt,719739,719739,2005,47.195138888888856
667,204157101-10-K-2004-03-29.txt,1051343,1051343,2005,11.18016587301588
668,692830508-10-K-2004-03-30.txt,75340,75340,2005,14.627716666666668
669,590660106-10-K-2004-03-12.txt,313364,313364,2005,22.84309960317461
670,229669106-10-K-2004-12-09.txt,26076,26076,2005,17.186623015873007
671,36237H101-10-K-2004-04-29.txt,821002,821002,2005,3.086785317460316
672,626717102-10-K-2004-03-12.txt,717423,717423,2005,30.634927380952377
673,674599105-10-K-2004-03-01.txt,797468,797468,2005,25.77163968253968
674,497498105-10-K-2004-04-15.txt,1056285,1056285,2005,8.466451984126982
675,435758305-10-K-2004-03-11.txt,48039,48039,2005,7.036043253968255
676,127055101-10-K-2004-12-14.txt,16040,16040,2005,24.90390873015873
677,86737U102-10-K-2004-09-28.txt,96793,96793,2005,8.00573531746032
678,904607108-10-K-2004-03-29.txt,100716,100716,2005,7.567492857142856
679,014752109-10-K-2004-03-02.txt,3499,3499,2005,136.39841190476193
680,493143101-10-K-2004-12-17.txt,906193,906193,2005,11.59907738095238
681,752185108-10-K-2004-03-30.txt,81955,81955,2005,1.3218880952380954
682,40425J101-10-K-2004-03-29.txt,1196501,1196501,2005,0.8169678571428572
683,226901106-10-K-2004-09-28.txt,812121,812121,2005,9.418028174603167
684,47733C207-10-K-2004-12-02.txt,885307,885307,2005,2.732532936507936
685,857689103-10-K-2004-03-12.txt,898660,898660,2005,7.249459223300973
686,751452202-10-K-2004-03-15.txt,842183,842183,2005,12.926290873015876
687,594960106-10-K-2004-03-15.txt,65770,65770,2005,43.29934920634919
688,096231105-10-K-2004-03-29.txt,778946,778946,2005,16.87340476190476
689,466313103-10-K-2004-11-05.txt,898293,898293,2005,23.83044126984127
690,749227104-10-K-2004-03-08.txt,1045425,1045425,2005,81.24410753968253
691,210502100-10-K-2004-03-23.txt,889609,889609,2005,5.100175793650796
692,941053100-10-K-2004-03-12.txt,1057058,1057058,2005,8.402848412698411
693,758766109-10-K-2004-03-16.txt,1168696,1168696,2005,7.230257936507938
694,02148M100-10-K-2004-03-15.txt,1139650,1139650,2005,1.0737178571428574
695,693366205-10-K-2004-03-10.txt,830122,830122,2005,20.76638492063493
696,228903100-10-K-2004-03-02.txt,784199,784199,2005,6.348786904761907
697,92532F100-10-K-2004-03-15.txt,875320,875320,2005,16.381686507936514
698,294100102-10-K-2004-10-14.txt,316253,316253,2005,15.41611111111112
699,91324P102-10-K-2004-03-15.txt,731766,731766,2005,45.513538492063475
700,190897108-10-K-2004-03-12.txt,1028734,1028734,2005,15.784346428571437
701,26483E100-10-K-2004-03-05.txt,1115222,1115222,2005,50.72289999999995
702,902925106-10-K-2004-02-27.txt,883945,883945,2005,23.236940476190476
703,831865100-10-K-2004-02-23.txt,91142,91142,2005,4.1006904761904766
704,883556102-10-K-2004-03-02.txt,97745,97745,2005,27.3967257936508
705,540424108-10-K-2004-03-01.txt,60086,60086,2005,24.806926190476183
706,907818108-10-K-2004-02-18.txt,100885,100885,2005,13.293091269841268
707,416515104-10-K-2004-02-27.txt,874766,874766,2005,57.84115753968251
708,928298108-10-K-2004-03-15.txt,103730,103730,2005,10.593702380952381
709,023436108-10-K-2004-03-29.txt,896262,896262,2005,26.801398809523807
710,234264109-10-K-2004-06-28.txt,915779,915779,2005,3.8537535714285744
711,927926303-10-K-2004-03-30.txt,783324,783324,2005,3.8464023809523824
712,198516106-10-K-2004-03-03.txt,1050797,1050797,2005,20.36728888888888
713,307675108-10-K-2004-09-13.txt,34563,34563,2005,19.966169047619058
714,514766104-10-K-2004-08-02.txt,1005286,1005286,2005,6.7677380952380926
715,009207101-10-K-2004-06-24.txt,353184,353184,2005,10.968483730158727
716,01167P101-10-K-2004-03-30.txt,1089511,1089511,2005,5.460649206349208
717,199908104-10-K-2004-02-27.txt,1035983,1035983,2005,6.570224206349205
718,344849104-10-K-2004-04-05.txt,850209,850209,2005,17.260621825396825
719,125906107-10-K-2004-06-14.txt,20629,20629,2005,24.26768650793651
720,919794107-10-K-2004-03-04.txt,714310,714310,2005,6.743817460317461
721,067806109-10-K-2004-02-27.txt,9984,9984,2005,12.368200793650795
722,294429105-10-K-2004-03-11.txt,33185,33185,2005,29.728870238095244
723,320867104-10-K-2004-03-09.txt,702325,702325,2005,27.847677777777786
724,639050103-10-K-2004-04-08.txt,878526,878526,2005,10.975246428571428
725,532257805-10-K-2004-08-25.txt,889971,889971,2005,2.8021904761904746
726,343412102-10-K-2004-03-15.txt,1124198,1124198,2005,26.340205158730157
727,205306103-10-K-2004-03-12.txt,1169445,1169445,2005,19.958705158730172
728,00971T101-10-K-2004-03-10.txt,1086222,1086222,2005,14.369365079365076
729,45168K306-10-K-2004-03-23.txt,861838,861838,2005,4.846984126984128
730,278762109-10-K-2004-03-26.txt,1001082,1001082,2005,21.33049682539682
731,311642102-10-K-2004-03-24.txt,917491,917491,2005,24.089384920634927
732,962166104-10-K-2004-03-05.txt,106535,106535,2005,16.799457142857133
733,713278109-10-K-2004-04-15.txt,77449,77449,2005,12.235992460317464
734,634865109-10-K-2004-03-15.txt,796534,796534,2005,15.492835714285722
735,635017106-10-K-2004-07-30.txt,69891,69891,2005,4.192327777777779
736,886423102-10-K-2004-04-21.txt,98222,98222,2005,1034.2398714285714
737,049560105-10-K-2004-11-19.txt,731802,731802,2005,17.125969444444458
738,669967101-10-K-2004-03-24.txt,1102556,1102556,2005,4.6542063492063495
739,896239100-10-K-2004-03-16.txt,864749,864749,2005,8.772944047619044
740,73640Q105-10-K-2004-02-18.txt,1185348,1185348,2005,12.902220238095234
741,15201P109-10-K-2004-03-26.txt,1102266,1102266,2005,31.318327380952354
742,001547108-10-K-2004-03-09.txt,918160,918160,2005,8.891974206349209
743,516012101-10-K-2004-09-13.txt,57725,57725,2005,6.210496428571433
744,82966U103-10-K-2004-03-12.txt,908937,908937,2005,6.104959126984128
745,297178105-10-K-2004-03-15.txt,920522,920522,2005,53.94775039682539
746,029595105-10-K-2004-03-30.txt,744825,744825,2005,5.5936305555555546
747,053611109-10-K-2004-03-11.txt,8818,8818,2005,38.98660198412699
748,680194107-10-K-2004-04-02.txt,740971,740971,2005,18.401576984126987
749,353469109-10-K-2004-11-29.txt,886206,886206,2005,5.366000396825396
750,453836108-10-K-2004-02-25.txt,776901,776901,2005,21.222548412698423
751,629337106-10-K-2004-03-15.txt,918541,918541,2005,10.145986507936506
752,457985208-10-K-2004-03-12.txt,917520,917520,2005,15.804882539682538
753,405217100-10-K-2004-09-13.txt,910406,910406,2005,9.710652777777772
754,45817G102-10-K-2004-03-30.txt,1040896,1040896,2005,296.7634285714286
755,754730109-10-K-2004-12-08.txt,720005,720005,2005,11.452048809523806
756,219350105-10-K-2004-03-01.txt,24741,24741,2005,13.295442063492072
757,267888105-10-K-2004-03-22.txt,34067,34067,2005,16.25221309523809
758,596278101-10-K-2004-04-02.txt,769520,769520,2005,10.194448809523813
759,786598102-10-K-2004-03-15.txt,886136,886136,2005,34.282042857142855
760,766559603-10-K-2004-03-12.txt,1034842,1034842,2005,18.94540873015874
761,83408W103-10-K-2004-03-02.txt,1104188,1104188,2005,18.095734126984123
762,87305R109-10-K-2004-02-27.txt,1116942,1116942,2005,8.620079365079363
763,897249108-10-K-2004-03-19.txt,858629,858629,2005,16.49738095238094
764,040157109-10-K-2004-03-15.txt,800082,800082,2005,16.120357539682537
765,88033R205-10-K-2004-03-30.txt,1001614,1001614,2005,3.2347222222222225
766,679580100-10-K-2004-03-10.txt,878927,878927,2005,6.796497619047623
767,716578109-10-K-2004-03-03.txt,77877,77877,2005,34.74407142857143
768,029899101-10-K-2004-03-23.txt,1056903,1056903,2005,10.340707142857136
769,029912201-10-K-2004-03-12.txt,1053507,1053507,2005,19.07433452380953
770,887098101-10-K-2004-12-14.txt,1046050,1046050,2005,8.7990626984127
771,90984P105-10-K-2004-03-08.txt,857855,857855,2005,110.7519321428571
772,49446R109-10-K-2004-03-10.txt,879101,879101,2005,16.601928174603177
773,150602209-10-K-2004-03-30.txt,761648,761648,2005,7.926472619047617
774,824889109-10-K-2004-04-14.txt,895447,895447,2005,10.800672222222225
775,675744106-10-K-2004-03-15.txt,882484,882484,2005,18.478517857142858
776,225447101-10-K-2004-08-20.txt,895419,895419,2005,25.48341746031747
777,910331107-10-K-2004-03-03.txt,101199,101199,2005,29.092855952380962
778,74158E104-10-K-2004-03-31.txt,56868,56868,2005,32.48794722222223
779,31983B101-10-K-2004-03-12.txt,1102112,1102112,2005,45.788521428571435
780,591610100-10-K-2004-02-20.txt,1026816,1026816,2005,38.60075634920632
781,45885A300-10-K-2004-03-15.txt,1056386,1056386,2005,20.706349206349206
782,014482103-10-K-2004-03-08.txt,3453,3453,2005,37.59939246031746
783,461203101-10-K-2004-03-12.txt,742112,742112,2005,40.06071111111113
784,375558103-10-K-2004-03-11.txt,882095,882095,2005,9.919869444444439
785,878155100-10-K-2004-08-25.txt,318833,318833,2005,10.2491619047619
786,929740108-10-K-2004-03-15.txt,943452,943452,2005,11.051169047619052
787,141665109-10-K-2004-03-12.txt,1046568,1046568,2005,36.167913888888904
788,739276103-10-K-2004-03-10.txt,833640,833640,2005,20.1726615079365
789,020772109-10-K-2004-03-03.txt,884269,884269,2005,2.3068341269841266
790,068463108-10-K-2004-03-30.txt,902791,902791,2005,14.240672222222214
791,553777103-10-K-2004-12-10.txt,68709,68709,2005,27.105581349206357
792,043436104-10-K-2004-03-11.txt,1144980,1144980,2005,14.394453174603177
793,32006W106-10-K-2004-03-15.txt,946647,946647,2005,20.309764682539672
794,847235108-10-K-2004-09-24.txt,92679,92679,2005,9.070427380952378
795,577345101-10-K-2004-03-25.txt,63330,63330,2005,36.994166666666686
796,201723103-10-K-2004-11-12.txt,22444,22444,2005,10.807075396825397
797,145282109-10-K-2004-03-15.txt,859222,859222,2005,12.39135674603174
798,858586100-10-K-2004-03-15.txt,94049,94049,2005,9.322695634920636
799,G9618E107-10-K-2004-03-02.txt,776867,776867,2005,581.3834281746033
800,918284100-10-K-2004-03-11.txt,102752,102752,2005,7.170904761904756
801,536797103-10-K-2004-03-15.txt,1023128,1023128,2005,22.30420952380953
802,460690100-10-K-2004-03-15.txt,51644,51644,2005,10.071867460317456
803,817565104-10-K-2004-03-15.txt,89089,89089,2005,6.296486507936502
804,462684101-10-K-2004-04-02.txt,1006045,1006045,2005,6.601761904761903
805,255519100-10-K-2004-03-26.txt,29332,29332,2005,16.336900793650788
806,356108100-10-K-2004-04-15.txt,724571,724571,2005,13.175340079365089
807,344437405-10-K-2004-09-16.txt,355019,355019,2005,29.95713293650794
808,961765104-10-K-2004-02-27.txt,1165002,1165002,2005,10.693532936507944
809,037347101-10-K-2004-03-10.txt,1047884,1047884,2005,2.388459920634921
810,207410101-10-K-2004-03-15.txt,816956,816956,2005,25.454238888888888
811,91911X104-10-K-2004-03-15.txt,930184,930184,2005,12.332072619047615
812,638904102-10-K-2004-03-12.txt,793547,793547,2005,17.46961428571429
813,989207105-10-K-2004-02-27.txt,877212,877212,2005,44.09734126984127
814,30063P105-10-K-2004-02-02.txt,1124140,1124140,2005,2.6916623015873014
815,302491303-10-K-2004-03-11.txt,37785,37785,2005,11.881633730158734
816,31983A103-10-K-2004-03-15.txt,859070,859070,2005,20.915893253968253
817,501044101-10-K-2004-04-14.txt,56873,56873,2005,7.607721428571426
818,081437105-10-K-2004-03-15.txt,11199,11199,2005,19.245643650793653
819,233331107-10-K-2004-03-03.txt,936340,936340,2005,26.212314682539677
820,756764106-10-K-2004-03-26.txt,1052595,1052595,2005,7.048154761904764
821,881005201-10-K-2004-03-12.txt,879575,879575,2005,15.770047222222214
822,127097103-10-K-2004-02-18.txt,858470,858470,2005,4.613358730158731
823,05367P100-10-K-2004-03-11.txt,896841,896841,2005,51.75400793650794
824,527288104-10-K-2004-03-12.txt,96223,96223,2005,17.382154761904758
825,281479105-10-K-2004-05-25.txt,31667,31667,2005,3.8980488095238095
826,450911102-10-K-2004-03-11.txt,216228,216228,2005,82.84669682539685
827,45245E109-10-K-2004-03-15.txt,921582,921582,2005,9.514523809523807
828,016230104-10-K-2004-11-15.txt,3545,3545,2005,43.080061111111114
829,191216100-10-K-2004-02-27.txt,21344,21344,2005,14.732256349206358
830,019222108-10-K-2004-09-27.txt,874710,874710,2005,11.22068412698412
831,776696106-10-K-2004-03-15.txt,882835,882835,2005,32.969071428571446
832,29380T105-10-K-2004-03-05.txt,1045450,1045450,2005,18.825830952380954
833,171340102-10-K-2004-03-15.txt,313927,313927,2005,7.560227777777785
834,844741108-10-K-2004-01-29.txt,92380,92380,2005,14.00348293650794
835,600551204-10-K-2004-03-26.txt,924822,924822,2005,12.173973809523806
836,636180101-10-K-2004-12-14.txt,70145,70145,2005,20.870034126984134
837,225223304-10-K-2004-03-12.txt,949158,949158,2005,7.682063492063492
838,589400100-10-K-2004-02-24.txt,64996,64996,2005,30.124861111111105
839,G81477104-10-K-2004-03-15.txt,1094005,1094005,2005,27.54385317460317
840,457919108-10-K-2004-04-30.txt,82473,82473,2005,1.2477369047619056
841,104674106-10-K-2004-10-08.txt,746598,746598,2005,23.411134126984123
842,00751Y106-10-K-2004-03-12.txt,1158449,1158449,2005,36.323315476190466
843,739128106-10-K-2004-01-16.txt,80420,80420,2005,17.31421666666667
844,318457108-10-K-2004-09-28.txt,1017907,1017907,2005,9.743769841269849
845,654106103-10-K-2004-07-30.txt,320187,320187,2005,8.818942063492061
846,29273R109-10-K-2004-11-15.txt,1012569,1012569,2005,2.723433730158729
847,503459307-10-K-2004-03-15.txt,920465,920465,2005,2159543.650793651
848,883623209-10-K-2004-09-13.txt,811212,811212,2005,386.29063492063483
849,984249102-10-K-2004-03-15.txt,716006,716006,2005,379942.85416666674
850,482738101-10-K-2004-03-15.txt,1007587,1007587,2005,9.86304365079365
851,427825104-10-K-2004-03-29.txt,1063344,1063344,2005,17.327625396825393
852,057665200-10-K-2004-03-15.txt,9326,9326,2005,7.544193650793652
853,001055102-10-K-2004-03-11.txt,4977,4977,2005,32.113515476190464
854,04269X105-10-K-2004-09-03.txt,1100412,1100412,2005,7.068154761904756
855,920437100-10-K-2004-07-28.txt,717720,717720,2005,18.740208333333346
856,75970E107-10-K-2004-03-11.txt,715072,715072,2005,14.041281746031745
857,294766100-10-K-2004-03-30.txt,878932,878932,2005,5.160662301587301
858,770323103-10-K-2004-03-08.txt,315213,315213,2005,24.73511269841269
859,018772103-10-K-2004-06-10.txt,939930,939930,2005,51.04574841269842
860,70959W103-10-K-2004-03-15.txt,1019849,1019849,2005,6.506871825396824
861,440407104-10-K-2004-03-24.txt,706129,706129,2005,5.881799999999999
862,872540109-10-K-2004-03-31.txt,109198,109198,2005,9.881159523809524
863,511637100-10-K-2004-03-12.txt,846901,846901,2005,8.020665079365088
864,203668108-10-K-2004-03-12.txt,1108109,1108109,2005,35.332243650793636
865,390905107-10-K-2004-03-15.txt,854560,854560,2005,21.774721825396828
866,978097103-10-K-2004-03-17.txt,110471,110471,2005,9.241921031746033
867,22025Y407-10-K-2004-03-12.txt,1070985,1070985,2005,7.718415079365082
868,14052H506-10-K-2004-03-03.txt,1061630,1061630,2005,46.9553388888889
869,852857200-10-K-2004-03-01.txt,1082923,1082923,2005,16.167771825396823
870,750917106-10-K-2004-02-13.txt,917273,917273,2005,14.605079761904767
871,15135B101-10-K-2004-02-25.txt,1071739,1071739,2005,14.56849206349206
872,416196103-10-K-2004-03-15.txt,45919,45919,2005,18.53098849206348
873,452525306-10-K-2004-03-29.txt,811641,811641,2005,4.739476190476188
874,077347201-10-K-2004-03-12.txt,729580,729580,2005,26.96984484126984
875,227483104-10-K-2004-03-15.txt,1141103,1141103,2005,17.591686507936505
876,89579K109-10-K-2004-03-12.txt,1074771,1074771,2005,22.482268253968247
877,006351308-10-K-2004-03-24.txt,2178,2178,2005,15.897757539682539
878,868168105-10-K-2004-03-12.txt,95552,95552,2005,15.07280992063493
879,225310101-10-K-2004-03-15.txt,885550,885550,2005,17.237698412698407
880,278878103-10-K-2004-10-29.txt,809933,809933,2005,4.604185317460316
881,502160104-10-K-2004-04-07.txt,60714,60714,2005,6.491487301587307
882,749660106-10-K-2004-03-09.txt,742278,742278,2005,2.2145865079365086
883,29266S106-10-K-2004-03-26.txt,1013606,1013606,2005,5.481240079365077
884,832154108-10-K-2004-03-25.txt,948708,948708,2005,22.746217460317467
885,156782104-10-K-2004-03-18.txt,804753,804753,2005,8.753180555555554
886,75605L104-10-K-2004-03-15.txt,1046327,1046327,2005,16.90407341269841
887,405024100-10-K-2004-06-10.txt,313143,313143,2005,21.61591269841269
888,604871103-10-K-2004-09-15.txt,880432,880432,2005,6.180940476190474
889,909458101-10-K-2004-03-26.txt,1087456,1087456,2005,10.917432936507936
890,452521107-10-K-2004-03-29.txt,1058811,1058811,2005,6.219753968253971
891,291525103-10-K-2004-05-14.txt,783005,783005,2005,53.36061944444444
892,031100100-10-K-2004-03-12.txt,1037868,1037868,2005,10.979240079365077
893,349853101-10-K-2004-03-11.txt,912728,912728,2005,27.499664285714267
894,31986N102-10-K-2004-03-25.txt,1141807,1141807,2005,8.066563492063498
895,14149Y108-10-K-2004-10-26.txt,721371,721371,2005,34.28459920634919
896,449623107-10-K-2004-03-12.txt,49754,49754,2005,31.711571825396806
897,290151307-10-K-2004-03-22.txt,1094348,1094348,2005,6.632525396825395
898,91307C102-10-K-2004-03-12.txt,1082554,1082554,2005,28.542559523809533
899,00846U101-10-K-2004-12-21.txt,1090872,1090872,2005,18.391836111111104
900,95082P105-10-K-2004-03-15.txt,929008,929008,2005,33.29210317460316
901,296643109-10-K-2004-03-15.txt,1094831,1094831,2005,4.05699365079365
902,125750109-10-K-2004-10-14.txt,914712,914712,2005,15.705102380952376
903,358434108-10-K-2004-03-15.txt,1209028,1209028,2005,193.3352261904761
904,635906100-10-K-2004-03-12.txt,1047335,1047335,2005,24.94733769841271
905,885175307-10-K-2004-03-17.txt,350907,350907,2005,15.281746031746028
906,G9825R107-10-K-2004-03-15.txt,791908,791908,2005,482.2154761904761
907,794093104-10-K-2004-03-11.txt,1050606,1050606,2005,13.721990079365087
908,14808P109-10-K-2004-03-17.txt,708781,708781,2005,10.757002380952382
909,826546103-10-K-2004-12-17.txt,90168,90168,2005,3.7659337301587295
910,29444U502-10-K-2004-03-05.txt,1101239,1101239,2005,34.99965198412701
911,595137100-10-K-2004-12-10.txt,310568,310568,2005,20.758809523809525
912,204149108-10-K-2004-03-15.txt,350852,350852,2005,16.273448015873015
913,69360J107-10-K-2004-03-15.txt,866368,866368,2005,29.291636904761905
914,50575Q102-10-K-2004-03-30.txt,1029730,1029730,2005,0.5348440476190475
915,830830105-10-K-2004-07-29.txt,90896,90896,2005,31.10239246031744
916,891092108-10-K-2004-12-22.txt,737758,737758,2005,8.703489682539685
917,891092108-10-K-2004-01-14.txt,737758,737758,2005,8.703489682539685
918,353514102-10-K-2004-02-20.txt,38725,38725,2005,17.49923928571428
919,91529Y106-10-K-2004-03-12.txt,5513,5513,2005,15.123207142857142
920,168088102-10-K-2004-03-29.txt,19871,19871,2005,18.125102777777787
921,002567105-10-K-2004-06-14.txt,881890,881890,2005,11.658095238095234
922,864482104-10-K-2004-12-09.txt,1005210,1005210,2005,11.378001190476189
923,090911108-10-K-2004-03-03.txt,811240,811240,2005,6.270967460317461
924,903002103-10-K-2004-03-11.txt,752642,752642,2005,15.32828611111111
925,462846106-10-K-2004-03-11.txt,1020569,1020569,2005,12.540535317460337
926,976524108-10-K-2004-03-30.txt,878828,878828,2005,2.6037551587301566
927,75689M101-10-K-2004-03-12.txt,1171759,1171759,2005,50.86712301587299
928,472319102-10-K-2004-03-02.txt,1084580,1084580,2005,16.93903095238096
929,053484101-10-K-2004-03-05.txt,915912,915912,2005,49.8184067460318
930,514606102-10-K-2004-02-20.txt,57528,57528,2005,10.88806785714286
931,45765Y105-10-K-2004-03-29.txt,875355,875355,2005,0.410725
932,092113109-10-K-2004-03-15.txt,1130464,1130464,2005,22.386317857142874
933,205826209-10-K-2004-09-22.txt,23197,23197,2005,24.59522936507935
934,74251V102-10-K-2004-03-03.txt,1126328,1126328,2005,32.07849484126985
935,905399101-10-K-2004-03-08.txt,883948,883948,2005,18.944378571428572
936,680033107-10-K-2004-03-15.txt,707179,707179,2005,13.619303968253984
937,032095101-10-K-2004-02-09.txt,820313,820313,2005,4.779782936507937
938,804395101-10-K-2004-03-15.txt,907254,907254,2005,22.201309920634923
939,70320A103-10-K-2004-03-31.txt,1046188,1046188,2005,7.069605158730162
940,448947101-10-K-2004-10-14.txt,1005731,1005731,2005,11.381943253968256
941,63935N107-10-K-2004-03-09.txt,1019737,1019737,2005,21.90190476190475
942,48203R104-10-K-2004-02-20.txt,1043604,1043604,2005,22.26346031746032
943,500643200-10-K-2004-07-14.txt,56679,56679,2005,17.17094920634921
944,911312106-10-K-2004-03-05.txt,1090727,1090727,2005,51.749526984126966
945,285229100-10-K-2004-07-29.txt,726514,726514,2005,15.512602380952382
946,05453N100-10-K-2004-03-15.txt,1015739,1015739,2005,2.563475396825397
947,778296103-10-K-2004-04-15.txt,745732,745732,2005,5.768161111111115
948,443320106-10-K-2004-03-12.txt,940942,940942,2005,6.483832936507938
949,101121101-10-K-2004-02-26.txt,1037540,1037540,2005,39.46202341269843
950,231021106-10-K-2004-02-26.txt,26172,26172,2005,15.593208333333335
951,317585404-10-K-2004-03-12.txt,862831,862831,2005,13.391417063492062
952,45774W108-10-K-2004-12-07.txt,764401,764401,2005,5.8211817460317405
953,868873100-10-K-2004-12-14.txt,924717,924717,2005,37.13681746031744
954,526107107-10-K-2004-10-21.txt,1069202,1069202,2005,19.48268015873016
955,90136Q100-10-K-2004-04-02.txt,1069996,1069996,2005,9.267746825396834
956,01642T108-10-K-2004-06-10.txt,874663,874663,2005,14.401467857142858
957,858155203-10-K-2004-05-06.txt,1050825,1050825,2005,8.483284523809521
958,950755108-10-K-2004-03-01.txt,793074,793074,2005,12.072626190476186
959,757473103-10-K-2004-03-29.txt,892222,892222,2005,3.2926242063492057
960,833672108-10-K-2004-03-15.txt,944075,944075,2005,12.97142857142858
961,074014101-10-K-2004-03-12.txt,1099160,1099160,2005,11.737780952380962
962,568427108-10-K-2004-03-09.txt,1129155,1129155,2005,10.059763095238086
963,460146103-10-K-2004-03-12.txt,51434,51434,2005,21.98558412698413
964,698477106-10-K-2004-12-21.txt,315131,315131,2005,6.56234206349206
965,640491106-10-K-2004-08-16.txt,711377,711377,2005,3.8013317460317473
966,512807108-10-K-2004-09-10.txt,707549,707549,2005,28.99848293650795
967,006743306-10-K-2004-12-22.txt,874292,874292,2005,4.160190873015873
968,800907107-10-K-2004-12-29.txt,897723,897723,2005,30.20392857142857
969,267475101-10-K-2004-10-13.txt,67215,67215,2005,22.54198412698413
970,667655104-10-K-2004-03-09.txt,73020,73020,2005,22.87237420634921
971,896522109-10-K-2004-02-27.txt,99780,99780,2005,9.480142460317463
972,466367109-10-K-2004-12-17.txt,807882,807882,2005,16.849417460317465
973,089302103-10-K-2004-03-30.txt,768835,768835,2005,11.140122619047622
974,493144109-10-K-2004-09-17.txt,719733,719733,2005,3.5392448412698414
975,600544100-10-K-2004-08-10.txt,66382,66382,2005,24.81570674603175
976,00246W103-10-K-2004-03-29.txt,1051627,1051627,2005,1.413961904761905
977,518415104-10-K-2004-04-01.txt,855658,855658,2005,4.6722222222222225
978,384556106-10-K-2004-06-21.txt,716314,716314,2005,4.970623809523816
979,784933103-10-K-2004-03-30.txt,1004989,1004989,2005,1.5284916666666664
980,371901109-10-K-2004-03-03.txt,355811,355811,2005,6.530994047619048
981,174740100-10-K-2004-03-15.txt,24090,24090,2005,5.630421428571426
982,577128101-10-K-2004-12-13.txt,63296,63296,2005,33.036892460317496
983,459506101-10-K-2004-03-11.txt,51253,51253,2005,28.695757539682546
984,92240G101-10-K-2004-02-26.txt,1096385,1096385,2005,18.986106746031748
985,313148108-10-K-2004-03-15.txt,845877,845877,2005,17.37384206349206
986,810186106-10-K-2004-11-24.txt,825542,825542,2005,24.582838888888887
987,76122Q105-10-K-2004-08-11.txt,1084765,1084765,2005,20.822757539682524
988,G4388N106-10-K-2004-05-14.txt,916789,916789,2005,24.08368650793652
989,875465106-10-K-2004-03-11.txt,899715,899715,2005,8.286484126984128
990,30214U102-10-K-2004-03-17.txt,851520,851520,2005,6.3356944444444405
991,784117103-10-K-2004-03-15.txt,350894,350894,2005,16.158743253968254
992,184502102-10-K-2004-03-15.txt,739708,739708,2005,9.768046428571424
993,489170100-10-K-2004-09-10.txt,55242,55242,2005,19.182488095238106
994,68375N103-10-K-2004-04-07.txt,944809,944809,2005,0.3967198412698415
995,74727A104-10-K-2004-03-19.txt,906465,906465,2005,19.190818650793673
996,124830100-10-K-2004-03-15.txt,910612,910612,2005,15.133542857142864
997,228227104-10-K-2004-03-10.txt,1051470,1051470,2005,17.9238123015873
998,800422107-10-K-2004-09-02.txt,880117,880117,2005,15.540207936507938
999,109043109-10-K-2004-09-09.txt,14195,14195,2005,24.693768650793647
1000,857477103-10-K-2004-02-24.txt,93751,93751,2005,40.82648015873018
1001,296650104-10-K-2004-09-22.txt,33533,33533,2005,6.848249206349203
1002,402629109-10-K-2004-03-15.txt,1030749,1030749,2005,25.183008333333355
1003,29358R107-10-K-2004-03-15.txt,55820,55820,2005,62.487262301587286
1004,860372101-10-K-2004-03-15.txt,94344,94344,2005,36.87971428571427
1005,792228108-10-K-2004-02-27.txt,893538,893538,2005,28.448839682539692
1006,45254P102-10-K-2004-03-15.txt,1000298,1000298,2005,131.1112531746032
1007,339382103-10-K-2004-09-10.txt,37472,37472,2005,10.704732539682537
1008,037833100-10-K-2004-12-03.txt,320193,320193,2005,5.976945634920639
1009,232517102-10-K-2004-03-26.txt,768411,768411,2005,13.23772222222223
1010,253922108-10-K-2004-03-11.txt,1005409,1005409,2005,9.460321825396818
1011,354613101-10-K-2004-12-14.txt,38777,38777,2005,20.868404761904763
1012,456314103-10-K-2004-03-04.txt,4187,4187,2005,2.138878571428572
1013,747620102-10-K-2004-12-21.txt,276889,276889,2005,9.52236468253968
1014,45256B101-10-K-2004-03-15.txt,1003642,1003642,2005,14.18829365079366
1015,94106L109-10-K-2004-02-20.txt,823768,823768,2005,17.848533730158728
1016,062540109-10-K-2004-02-27.txt,46195,46195,2005,32.07589722222222
1017,22160K105-10-K-2004-11-12.txt,909832,909832,2005,32.35796706349205
1018,29362U104-10-K-2004-11-12.txt,1101302,1101302,2005,9.91166984126984
1019,562750109-10-K-2004-03-15.txt,1056696,1056696,2005,5.328471825396822
1020,25271C102-10-K-2004-03-01.txt,949039,949039,2005,30.15985992063493
1021,315616102-10-K-2004-12-07.txt,1048695,1048695,2005,23.88573730158729
1022,958102105-10-K-2004-09-14.txt,106040,106040,2005,11.52254642857142
1023,774515100-10-K-2004-03-30.txt,895456,895456,2005,24.517132142857136
1024,629156407-10-K-2004-03-09.txt,72162,72162,2005,11.334175000000005
1025,87236Y108-10-K-2004-12-09.txt,1173431,1173431,2005,10.920841666666668
1026,382550101-10-K-2004-05-19.txt,42582,42582,2005,14.417414285714296
1027,830879102-10-K-2004-03-11.txt,793733,793733,2005,19.299330952380952
1028,G7496G103-10-K-2004-03-15.txt,913144,913144,2005,38.18538769841268
1029,854231107-10-K-2004-09-10.txt,310354,310354,2005,22.64872539682539
1030,758849103-10-K-2004-03-12.txt,910606,910606,2005,52.74245277777778
1031,025533407-10-K-2004-03-16.txt,742126,742126,2005,10.322714682539686
1032,911163103-10-K-2004-10-14.txt,1020859,1020859,2005,30.454980158730176
1033,891027104-10-K-2004-03-15.txt,320335,320335,2005,20.857600793650796
1034,520776105-10-K-2004-03-15.txt,703604,703604,2005,34.97054603174602
1035,048209100-10-K-2004-03-29.txt,8177,8177,2005,2.7442960317460345
1036,G5876H105-10-K-2004-04-13.txt,1058057,1058057,2005,18.862947619047613
1037,671044105-10-K-2004-09-13.txt,1039065,1039065,2005,16.917341269841273
1038,59001A102-10-K-2004-03-15.txt,833079,833079,2005,70.07749007936506
1039,288853104-10-K-2004-04-16.txt,900349,900349,2005,13.870293253968251
1040,159765106-10-K-2004-03-17.txt,1015155,1015155,2005,15.01782976190477
1041,422704106-10-K-2004-03-03.txt,719413,719413,2005,4.342817460317458
1042,744375205-10-K-2004-03-30.txt,806517,806517,2005,6.912931349206352
1043,001957505-10-K-2004-03-15.txt,5907,5907,2005,12.392604761904762
1044,670837103-10-K-2004-03-08.txt,1021635,1021635,2005,8.635472222222218
1045,913483103-10-K-2004-03-15.txt,101984,101984,2005,17.205892857142853
1046,754907103-10-K-2004-03-08.txt,52827,52827,2005,10.145711507936516
1047,62913F201-10-K-2004-03-12.txt,1037016,1037016,2005,62.81607142857143
1048,091826107-10-K-2004-06-14.txt,849547,849547,2005,33.6278853174603
1049,727493108-10-K-2004-05-26.txt,914025,914025,2005,29.95198412698412
1050,33832D106-10-K-2004-03-29.txt,1159281,1159281,2005,7.430087301587304
1051,016255101-10-K-2004-03-09.txt,1097149,1097149,2005,7.3189523809523855
1052,826176109-10-K-2004-03-30.txt,65596,65596,2005,2.3284146825396834
1053,619718109-10-K-2004-03-15.txt,890394,890394,2005,54.95198412698415
1054,550819106-10-K-2004-03-12.txt,60977,60977,2005,9.432658730158726
1055,707569109-10-K-2004-03-15.txt,921738,921738,2005,7.4073876984126965
1056,68162K106-10-K-2004-03-30.txt,917470,917470,2005,17.32168571428571
1057,03748R101-10-K-2004-03-11.txt,922864,922864,2005,17.054184523809518
1058,678026105-10-K-2004-03-05.txt,1121484,1121484,2005,15.299423809523807
1059,863667101-10-K-2004-03-12.txt,310764,310764,2005,42.10814087301588
1060,55027E102-10-K-2004-03-15.txt,1033905,1033905,2005,9.148145238095235
1061,370334104-10-K-2004-07-29.txt,40704,40704,2005,16.79893373015873
1062,917047102-10-K-2004-04-15.txt,912615,912615,2005,26.467480158730172
1063,140781105-10-K-2004-03-03.txt,1009672,1009672,2005,46.168107539682566
1064,293639100-10-K-2004-03-02.txt,1067837,1067837,2005,25.003118253968253
1065,15189T107-10-K-2004-03-15.txt,1130310,1130310,2005,7.31385
1066,003654100-10-K-2004-05-27.txt,815094,815094,2005,10.027876984126989
1067,101388106-10-K-2004-09-14.txt,1073349,1073349,2005,14.02807976190476
1068,422819102-10-K-2004-03-12.txt,1066605,1066605,2005,24.09615
1069,031652100-10-K-2004-03-04.txt,1047127,1047127,2005,4.708373015873017
1070,882610108-10-K-2004-03-15.txt,97517,97517,2005,28.839272619047627
1071,852312305-10-K-2004-03-17.txt,718937,718937,2005,5.0133730158730145
1072,021441100-10-K-2004-03-15.txt,768251,768251,2005,17.9270007936508
1073,517942108-10-K-2004-02-18.txt,1053532,1053532,2005,19.566969841269838
1074,59156R108-10-K-2004-03-05.txt,1099219,1099219,2005,27.083718650793656
1075,87162H103-10-K-2004-03-12.txt,1040426,1040426,2005,4.72521587301587
1076,205768203-10-K-2004-03-15.txt,23194,23194,2005,129.12625833333323
1077,049079205-10-K-2004-03-30.txt,879585,879585,2005,10.113661111111114
1078,444717102-10-K-2004-03-11.txt,862022,862022,2005,12.881418253968256
1079,436440101-10-K-2004-12-08.txt,859737,859737,2005,11.316919841269845
1080,134429109-10-K-2004-10-12.txt,16732,16732,2005,20.88421269841271
1081,N22717107-10-K-2004-03-15.txt,1000229,1000229,2005,12.431413095238097
1082,346563109-10-K-2004-03-12.txt,1023313,1023313,2005,14.514149603174605
1083,82620P102-10-K-2004-03-24.txt,1130144,1130144,2005,16.836353174603158
1084,852061100-10-K-2004-03-09.txt,101830,101830,2005,23.749214682539648
1085,237266101-10-K-2004-03-29.txt,916540,916540,2005,3.796626984126983
1086,45765U103-10-K-2004-03-11.txt,932696,932696,2005,19.26884920634921
1087,86323X106-10-K-2004-04-08.txt,1008586,1008586,2005,3.641978968253969
1088,714046109-10-K-2004-03-12.txt,31791,31791,2005,18.490335714285713
1089,172755100-10-K-2004-06-09.txt,772406,772406,2005,5.956349206349207
1090,760911107-10-K-2004-03-15.txt,793524,793524,2005,4.510318253968258
1091,731068102-10-K-2004-03-11.txt,931015,931015,2005,20.78656468253968
1092,825107105-10-K-2004-03-15.txt,1035092,1035092,2005,17.560284523809525
1093,624580106-10-K-2004-04-15.txt,72573,72573,2005,15.252809920634926
1094,743312100-10-K-2004-02-13.txt,876167,876167,2005,18.40356706349205
1095,110394103-10-K-2004-06-08.txt,73887,73887,2005,28.675756746031738
1096,391164100-10-K-2004-03-10.txt,1143068,1143068,2005,17.07938809523809
1097,09180C106-10-K-2004-03-04.txt,1013488,1013488,2005,19.80980396825394
1098,69562K100-10-K-2004-03-12.txt,1069530,1069530,2005,25.949942460317477
1099,46626E205-10-K-2004-03-15.txt,1084048,1084048,2005,16.5982384920635
1100,294268107-10-K-2004-06-15.txt,1022408,1022408,2005,6.0084511904761895
1101,862685104-10-K-2004-03-15.txt,915735,915735,2005,14.566111111111116
1102,349882100-10-K-2004-03-18.txt,883569,883569,2005,22.372757936507956
1103,37637Q105-10-K-2004-03-15.txt,868671,868671,2005,12.083582539682533
1104,33589V101-10-K-2004-03-15.txt,1169770,1169770,2005,16.943880952380958
1105,035255108-10-K-2004-03-30.txt,898437,898437,2005,12.134805158730154
1106,620076109-10-K-2004-03-12.txt,68505,68505,2005,110.52108373015874
1107,84470P109-10-K-2004-03-09.txt,705432,705432,2005,5.192020634920639
1108,640268108-10-K-2004-03-05.txt,906709,906709,2005,16.729444444444443
1109,147528103-10-K-2004-07-14.txt,726958,726958,2005,17.631390079365087
1110,16444H102-10-K-2004-04-02.txt,844161,844161,2005,18.930907936507946
1111,Y2573F102-10-K-2004-06-14.txt,866374,866374,2005,12.348730158730149
1112,524660107-10-K-2004-03-11.txt,58492,58492,2005,15.353174206349205
1113,08915P101-10-K-2004-03-12.txt,1156388,1156388,2005,16.886513888888892
1114,902788108-10-K-2004-03-15.txt,101382,101382,2005,24.255577380952392
1115,860630102-10-K-2004-03-15.txt,720672,720672,2005,11.832657142857153
1116,G20045202-10-K-2004-02-25.txt,925645,925645,2005,48.12080079365078
1117,460335300-10-K-2004-01-30.txt,51548,51548,2005,50.01384285714289
1118,790148100-10-K-2004-03-12.txt,745308,745308,2005,69.21625793650797
1119,15670S105-10-K-2004-02-27.txt,920321,920321,2005,64.10774603174606
1120,492386107-10-K-2004-03-12.txt,1141185,1141185,2005,6.810158730158736
1121,747316107-10-K-2004-03-12.txt,81362,81362,2005,13.228076984126973
1122,037598109-10-K-2004-05-05.txt,6845,6845,2005,11.999303174603176
1123,318522307-10-K-2004-03-15.txt,36047,36047,2005,11.831927777777768
1124,239359102-10-K-2004-12-10.txt,351231,351231,2005,11.971398809523802
1125,318910106-10-K-2004-03-15.txt,811589,811589,2005,15.823642857142852
1126,682129101-10-K-2004-01-30.txt,1090061,1090061,2005,4.7429365079365065
1127,337930101-10-K-2004-03-15.txt,1033012,1033012,2005,1626.3659662698408
1128,04269Q100-10-K-2004-03-12.txt,1141107,1141107,2005,8.617174603174606
1129,247368103-10-K-2004-09-10.txt,1101396,1101396,2005,14.147415476190476
1130,556269108-10-K-2004-03-12.txt,913241,913241,2005,3.9517249999999993
1131,154760102-10-K-2004-03-10.txt,701347,701347,2005,567.1282380952381
1132,617446448-10-K-2004-02-25.txt,895421,895421,2005,37.005518253968226
1133,74144T108-10-K-2004-03-01.txt,1113169,1113169,2005,23.09199126984125
1134,888706108-10-K-2004-04-15.txt,1088825,1088825,2005,19.831866269841267
1135,608190104-10-K-2004-03-03.txt,851968,851968,2005,84.79051587301585
1136,667746101-10-K-2004-03-12.txt,1001385,1001385,2005,25.219786507936487
1137,22160N109-10-K-2004-03-12.txt,1057352,1057352,2005,43.31984126984128
1138,007779309-10-K-2004-04-14.txt,1039160,1039160,2005,17.47458333333334
1139,701354102-10-K-2004-03-15.txt,914139,914139,2005,72.5249007936508
1140,012653101-10-K-2004-03-01.txt,915913,915913,2005,15.102787301587306
1141,128126109-10-K-2004-05-28.txt,730255,730255,2005,8.093317063492067
1142,76009N100-10-K-2004-03-11.txt,933036,933036,2005,18.8205992063492
1143,50540R409-10-K-2004-03-11.txt,920148,920148,2005,49.35345238095235
1144,913456109-10-K-2004-06-14.txt,102037,102037,2005,26.285371428571423
1145,625383104-10-K-2004-06-29.txt,819220,819220,2005,13.847058730158729
1146,127190304-10-K-2004-09-13.txt,16058,16058,2005,59.30047619047617
1147,117043109-10-K-2004-03-03.txt,14930,14930,2005,37.21780555555552
1148,8676EP108-10-K-2004-03-15.txt,351834,351834,2005,5.486341269841267
1149,705573103-10-K-2004-02-17.txt,1013857,1013857,2005,2.899693650793652
1150,171779309-10-K-2004-12-09.txt,936395,936395,2005,16.600886111111098
1151,359523107-10-K-2004-03-15.txt,846913,846913,2005,6.874638095238095
1152,465141406-10-K-2004-03-30.txt,719209,719209,2005,10.038631349206351
1153,719405102-10-K-2004-01-28.txt,810136,810136,2005,19.277500000000003
1154,554489104-10-K-2004-02-26.txt,924901,924901,2005,22.7239238095238
1155,192025104-10-K-2004-03-29.txt,806279,806279,2005,7.615049999999997
1156,814785309-10-K-2004-03-30.txt,318673,318673,2005,1.7117480158730165
1157,420261109-10-K-2004-06-10.txt,46250,46250,2005,9.423977777777782
1158,29472R108-10-K-2004-03-10.txt,895417,895417,2005,15.251748412698422
1159,30049R100-10-K-2004-03-22.txt,1052054,1052054,2005,2.0714626984126983
1160,903213106-10-K-2004-05-28.txt,315449,315449,2005,3.4628055555555566
1161,948849104-10-K-2004-03-05.txt,105418,105418,2005,25.689639682539664
1162,485170302-10-K-2004-03-30.txt,54480,54480,2005,19.355721428571435
1163,731572103-10-K-2004-06-07.txt,1037038,1037038,2005,40.12093531746033
1164,574599106-10-K-2004-02-27.txt,62996,62996,2005,20.639778571428558
1165,871565107-10-K-2004-03-30.txt,95953,95953,2005,8.353550000000002
1166,666807102-10-K-2004-03-10.txt,1133421,1133421,2005,36.81380436507935
1167,307068106-10-K-2004-03-29.txt,1021270,1021270,2005,11.531309523809526
1168,387328107-10-K-2004-03-15.txt,861459,861459,2005,25.137073809523788
1169,928551100-10-K-2004-03-09.txt,881524,881524,2005,3.3980039682539687
1170,518439104-10-K-2004-09-03.txt,1001250,1001250,2005,15.899358333333339
1171,316326107-10-K-2004-03-12.txt,809398,809398,2005,7.412172222222222
1172,35952H106-10-K-2004-01-29.txt,886128,886128,2005,112.94238095238093
1173,64115T104-10-K-2004-06-14.txt,1078075,1078075,2005,5.542575793650794
1174,29264F205-10-K-2004-03-15.txt,1100962,1100962,2005,25.03442460317461
1175,638842302-10-K-2004-09-14.txt,787253,787253,2005,7.184471428571428
1176,46145F105-10-K-2004-03-12.txt,920424,920424,2005,23.81598134920633
1177,050473107-10-K-2004-03-30.txt,750574,750574,2005,14.791923015873016
1178,243537107-10-K-2004-03-26.txt,910521,910521,2005,9.4625753968254
1179,45665Q103-10-K-2004-03-22.txt,1195933,1195933,2005,28.127184126984137
1180,800013104-10-K-2004-12-23.txt,812128,812128,2005,32.76239722222223
1181,32054K103-10-K-2004-03-15.txt,921825,921825,2005,26.243872619047643
1182,84749R100-10-K-2004-03-15.txt,1123333,1123333,2005,8.481071428571424
1183,360271100-10-K-2004-03-15.txt,700564,700564,2005,11.442054761904759
1184,709102107-10-K-2004-03-15.txt,77281,77281,2005,18.261740873015874
1185,192108108-10-K-2004-03-09.txt,215466,215466,2005,37.39998015873014
1186,008252108-10-K-2004-03-15.txt,1004434,1004434,2005,69.05729007936506
1187,909218109-10-K-2004-03-15.txt,798949,798949,2005,45.84452380952382
1188,92240M108-10-K-2004-03-15.txt,59440,59440,2005,3.5308968253968245
1189,92276F100-10-K-2004-02-27.txt,740260,740260,2005,13.998393650793659
1190,920253101-10-K-2004-03-10.txt,102729,102729,2005,24.20312023809524
1191,42222N103-10-K-2004-03-25.txt,1095565,1095565,2005,2.9790829365079348
1192,758932107-10-K-2004-09-10.txt,716643,716643,2005,36.29650198412696
1193,535555106-10-K-2004-11-15.txt,836157,836157,2005,19.259559523809532
1194,911922102-10-K-2004-03-30.txt,82020,82020,2005,20.31735674603175
1195,521050104-10-K-2004-04-14.txt,888504,888504,2005,20.205686507936505
1196,893529107-10-K-2004-06-21.txt,99302,99302,2005,4.3458075396825375
1197,709789101-10-K-2004-03-08.txt,318300,318300,2005,18.83200873015872
1198,564563104-10-K-2004-03-15.txt,892537,892537,2005,21.919639682539692
1199,704549104-10-K-2004-03-04.txt,1064728,1064728,2005,381.67679325396836
1200,01988P108-10-K-2004-03-15.txt,1124804,1124804,2005,5.153170238095236
1201,53222Q103-10-K-2004-03-29.txt,874396,874396,2005,17.208275793650788
1202,73179P106-10-K-2004-03-15.txt,1122976,1122976,2005,6.62428888888889
1203,037411105-10-K-2004-03-12.txt,6769,6769,2005,55.68323333333339
1204,118255108-10-K-2004-08-26.txt,899597,899597,2005,8.866314285714287
1205,09062X103-10-K-2004-03-10.txt,875045,875045,2005,43.2715476190476
1206,90385D107-10-K-2004-03-26.txt,1016125,1016125,2005,16.066527777777775
1207,892918103-10-K-2004-03-30.txt,1017303,1017303,2005,8.605171428571431
1208,724479100-10-K-2004-03-09.txt,78814,78814,2005,22.92966626984128
1209,422347104-10-K-2004-03-11.txt,799233,799233,2005,10.995163492063492
1210,846243103-10-K-2004-09-28.txt,1001907,1001907,2005,705.059523809524
1211,004816104-10-K-2004-03-05.txt,2098,2098,2005,12.696554761904762
1212,20030N101-10-K-2004-03-12.txt,1166691,1166691,2005,8.56538968253968
1213,723456109-10-K-2004-03-10.txt,356213,356213,2005,4.239455555555557
1214,452907108-10-K-2004-09-09.txt,722830,722830,2005,2.2681706349206343
1215,311900104-10-K-2004-02-25.txt,815556,815556,2005,12.157931349206345
1216,25746U109-10-K-2004-03-01.txt,715957,715957,2005,22.912396825396822
1217,317923100-10-K-2004-05-07.txt,886137,886137,2005,15.444071825396815
1218,858375108-10-K-2004-04-14.txt,884940,884940,2005,9.627751190476179
1219,032654105-10-K-2004-11-30.txt,6281,6281,2005,26.413688492063475
1220,680665205-10-K-2004-03-09.txt,74303,74303,2005,12.23482341269842
1221,00508Y102-10-K-2004-10-29.txt,1144215,1144215,2005,24.787569444444475
1222,004239109-10-K-2004-03-15.txt,899629,899629,2005,10.41245396825397
1223,020409108-10-K-2004-03-26.txt,799231,799231,2005,6.538730555555558
1224,264147109-10-K-2004-03-04.txt,30305,30305,2005,18.908876190476192
1225,447324104-10-K-2004-01-26.txt,315374,315374,2005,16.181353968253973
1226,032511107-10-K-2004-03-04.txt,773910,773910,2005,37.48730476190478
1227,918076100-10-K-2004-03-09.txt,1030471,1030471,2005,28.874411904761896
1228,592688105-10-K-2004-03-15.txt,1037646,1037646,2005,50.6802380952381
1229,74758R109-10-K-2004-09-24.txt,758938,758938,2005,19.499164285714272
1230,494368103-10-K-2004-02-26.txt,55785,55785,2005,38.76294484126985
1231,31428X106-10-K-2004-07-16.txt,1048911,1048911,2005,83.79656190476187
1232,133034108-10-K-2004-03-15.txt,750686,750686,2005,16.349060714285713
1233,458372109-10-K-2004-03-15.txt,350066,350066,2005,7.6184646825396865
1234,361438104-10-K-2004-03-15.txt,1060349,1060349,2005,18.06737738095238
1235,171871106-10-K-2004-03-23.txt,716133,716133,2005,20.853968253968247
1236,784305104-10-K-2004-03-12.txt,766829,766829,2005,8.052578968253975
1237,38119T104-10-K-2004-02-03.txt,903571,903571,2005,2.9463888888888903
1238,038505301-10-K-2004-03-19.txt,1013238,1013238,2005,223.06349206349208
1239,00724F101-10-K-2004-02-05.txt,796343,796343,2005,30.765400793650798
1240,83545G102-10-K-2004-03-09.txt,1043509,1043509,2005,19.057543650793644
1241,285512109-10-K-2004-06-04.txt,712515,712515,2005,57.603210317460295
1242,007973100-10-K-2004-02-24.txt,927003,927003,2005,10.114468253968258
1243,26969P108-10-K-2004-06-14.txt,918646,918646,2005,27.786517063492077
1244,827048109-10-K-2004-03-15.txt,849869,849869,2005,6.7367285714285705
1245,296315104-10-K-2004-12-14.txt,866706,866706,2005,41.385013888888885
1246,23331A109-10-K-2004-12-10.txt,882184,882184,2005,27.99173412698412
1247,366651107-10-K-2004-03-12.txt,749251,749251,2005,10.878849206349198
1248,63900P103-10-K-2004-03-04.txt,1171486,1171486,2005,52.53418214285714
1249,676220106-10-K-2004-02-26.txt,800240,800240,2005,23.354703968253972
1250,69325Q105-10-K-2004-03-12.txt,1057083,1057083,2005,6.4466174603174595
1251,132011107-10-K-2004-03-15.txt,820081,820081,2005,8.926762301587301
1252,800677106-10-K-2004-02-24.txt,1001233,1001233,2005,4.317091269841269
1253,042744102-10-K-2004-03-11.txt,717538,717538,2005,10.367784523809524
1254,637215104-10-K-2004-03-12.txt,80172,80172,2005,19.70614126984127
1255,559080106-10-K-2004-03-10.txt,1126975,1126975,2005,4.13415992063492
1256,461147100-10-K-2004-03-30.txt,1036262,1036262,2005,3.8256329365079336
1257,763165107-10-K-2004-08-11.txt,355948,355948,2005,6.5713948412698375
1258,682406103-10-K-2004-03-15.txt,712770,712770,2005,6.977623809523808
1259,68243Q106-10-K-2004-09-09.txt,1084869,1084869,2005,7.182079365079365
1260,277276101-10-K-2004-03-15.txt,49600,49600,2005,23.866650793650788
1261,124805102-10-K-2004-03-15.txt,944148,944148,2005,4.600059523809524
1262,02553E106-10-K-2004-04-01.txt,919012,919012,2005,11.557747222222224
1263,701081101-10-K-2004-03-12.txt,76321,76321,2005,7.016309523809523
1264,20854P109-10-K-2004-03-12.txt,1070412,1070412,2005,25.328375793650785
1265,811904101-10-K-2004-03-15.txt,859598,859598,2005,22.282392063492065
1266,828730200-10-K-2004-02-26.txt,90498,90498,2005,19.155048015873014
1267,674631106-10-K-2004-03-30.txt,350737,350737,2005,1.372580952380953
1268,868157108-10-K-2004-03-12.txt,886835,886835,2005,18.09584444444444
1269,203900105-10-K-2004-03-29.txt,22701,22701,2005,5.934334523809524
1270,84502A104-10-K-2004-03-30.txt,315849,315849,2005,16.625780555555547
1271,78648T100-10-K-2004-03-15.txt,1172052,1172052,2005,20.84200436507936
1272,015351109-10-K-2004-09-28.txt,899866,899866,2005,6.030456746031749
1273,042735100-10-K-2004-03-15.txt,7536,7536,2005,27.933134920634927
1274,74460D109-10-K-2004-03-15.txt,318380,318380,2005,41.99160952380951
1275,606501104-10-K-2004-05-28.txt,926423,926423,2005,9.296039285714292
1276,42366C103-10-K-2004-03-12.txt,946644,946644,2005,22.194433333333325
1277,101119105-10-K-2004-03-12.txt,821127,821127,2005,21.592818253968282
1278,37940X102-10-K-2004-08-10.txt,1123360,1123360,2005,17.100406349206356
1279,529043101-10-K-2004-02-26.txt,910108,910108,2005,7.36151666666666
1280,27874N105-10-K-2004-03-15.txt,31347,31347,2005,74.79007936507935
1281,251591103-10-K-2004-03-15.txt,894315,894315,2005,23.477941269841267
1282,174715102-10-K-2004-03-26.txt,1075706,1075706,2005,12.948075793650782
1283,743868101-10-K-2004-09-10.txt,1010470,1010470,2005,21.207361904761907
1284,655044105-10-K-2004-03-15.txt,72207,72207,2005,10.981478968253976
1285,652526104-10-K-2004-03-30.txt,1094019,1094019,2005,8.399096031746021
1286,879080109-10-K-2004-03-15.txt,96869,96869,2005,47.85773809523811
1287,398905109-10-K-2004-03-11.txt,1031203,1031203,2005,24.86461111111109
1288,018581108-10-K-2004-03-05.txt,1101215,1101215,2005,39.18149444444446
1289,457669208-10-K-2004-03-12.txt,1104506,1104506,2005,12.699202380952391
1290,781270103-10-K-2004-03-15.txt,1094392,1094392,2005,14.557753968253975
1291,853666105-10-K-2004-03-30.txt,93389,93389,2005,8.076269841269841
1292,970646105-10-K-2004-03-16.txt,1018164,1018164,2005,8.621303174603176
1293,563771104-10-K-2004-03-15.txt,1056358,1056358,2005,137.10923452380956
1294,01877R108-10-K-2004-03-15.txt,1086600,1086600,2005,8.010538095238099
1295,156431108-10-K-2004-02-26.txt,949157,949157,2005,24.659444444444446
1296,103304101-10-K-2004-03-04.txt,906553,906553,2005,46.172601984127034
1297,34354P105-10-K-2004-04-27.txt,30625,30625,2005,8.806128571428564
1298,171232101-10-K-2004-03-11.txt,20171,20171,2005,26.17467460317461
1299,30064E109-10-K-2004-03-15.txt,913165,913165,2005,14.578288492063502
1300,871851101-10-K-2004-03-30.txt,945114,945114,2005,4.961312301587304
1301,042682203-10-K-2004-03-30.txt,916529,916529,2005,14.212355555555556
1302,846819100-10-K-2004-03-15.txt,743238,743238,2005,3.78658055555556
1303,G23773107-10-K-2004-04-14.txt,928340,928340,2005,9.330557142857142
